customer_id,customer,region,segment,signup_date,newsletter
C001,Quill Works,West,Retail,2023-04-17,No
C002,Nimbus Outfitters,West,Wholesale,2022-09-28,Yes
C003,Fernhill Supply,East,Retail,2023-02-14,Yes
C004,Driftwood Supply,West,Online,2022-09-07,No
C005,Granite Supply,West,Retail,2023-05-05,Yes
C006,Lantern Works,East,Retail,2023-12-18,Yes
C007,Pebble Trading,West,Retail,2022-02-11,No
C008,Granite Market,North,Wholesale,2022-12-23,Yes
C009,Birch Goods,South,Online,2022-06-13,No
C010,Fernhill Goods,North,Retail,2023-04-01,Yes
C011,Quill Market,North,Retail,2023-11-02,No
C012,Russet Supply,South,Retail,2022-01-24,Yes
C013,Pebble Provisions,North,Retail,2023-09-01,Yes
C014,Tidewater Outfitters,West,Retail,2023-08-25,Yes
C015,Pebble Goods,West,Wholesale,2023-12-01,Yes
C016,Fernhill Trading,East,Retail,2022-01-11,Yes
C017,Indigo Works,East,Retail,2023-01-01,Yes
C018,Meadow Supply,North,Online,2022-02-22,Yes
C019,Russet Market,East,Retail,2023-10-14,No
C020,Indigo Trading,South,Wholesale,2023-12-08,Yes
C021,Harbor Market,North,Online,2022-08-27,Yes
C022,Quill Supply,North,Online,2022-11-13,Yes
C023,Granite Trading,West,Retail,2022-03-09,No
C024,Tidewater Market,West,Wholesale,2022-01-24,Yes
C025,Tidewater Provisions,South,Online,2023-07-27,No
C026,Ember Provisions,North,Retail,2023-09-03,No
C027,Harbor Goods,South,Retail,2023-06-10,No
C028,Birch Outfitters,West,Retail,2022-05-19,Yes
C029,Fernhill Market,South,Retail,2022-02-28,Yes
C030,Amber Trading,East,Online,2022-09-25,Yes
C031,Cobalt Supply,West,Retail,2023-10-23,Yes
C032,Kestrel Collective,South,Online,2023-07-16,No
C033,Cobalt Trading,North,Online,2023-08-06,Yes
C034,Driftwood Provisions,South,Retail,2023-05-22,Yes
C035,Driftwood Trading,North,Retail,2022-03-28,Yes
C036,Quill Goods,East,Retail,2022-10-21,No
C037,Pebble Collective,South,Retail,2022-02-28,Yes
C038,Oakline Market,East,Retail,2022-10-09,Yes
C039,Kestrel Market,East,Wholesale,2023-04-25,No
C040,Pebble Outfitters,North,Retail,2022-10-06,No
C041,Granite Works,East,Wholesale,2022-03-02,Yes
C042,Tidewater Supply,East,Retail,2023-08-19,Yes
C043,Oakline Outfitters,South,Online,2022-07-24,Yes
C044,Birch Trading,East,Retail,2022-08-11,Yes
C045,Saffron Market,South,Retail,2023-03-16,Yes
C046,Oakline Provisions,North,Retail,2023-10-07,Yes
C047,Saffron Supply,North,Retail,2023-04-21,No
C048,Birch Works,West,Retail,2023-07-25,Yes
C049,Indigo Goods,West,Wholesale,2022-06-28,No
C050,Ember Works,West,Online,2022-08-21,Yes
C051,Fernhill Provisions,North,Wholesale,2022-05-10,No
C052,Nimbus Provisions,North,Retail,2022-08-20,No
C053,Fernhill Collective,West,Retail,2022-07-01,Yes
C054,Birch Supply,North,Wholesale,2022-03-20,Yes
C055,Ember Supply,North,Retail,2023-12-05,Yes
C056,Russet Collective,West,Retail,2023-01-02,Yes
C057,Juniper Outfitters,South,Retail,2023-08-14,Yes
C058,Harbor Works,West,Retail,2022-12-05,No
C059,Amber Goods,South,Online,2023-07-25,No
C060,Kestrel Provisions,North,Wholesale,2022-06-26,Yes
C061,Fernhill Works,North,Retail,2022-09-07,No
C062,Nimbus Collective,West,Retail,2023-01-22,No
C063,Nimbus Trading,West,Retail,2022-07-03,Yes
C064,Tidewater Works,North,Wholesale,2023-07-02,No
C065,Indigo Collective,West,Wholesale,2022-02-22,No
C066,Lantern Market,North,Retail,2023-04-18,Yes
C067,Juniper Market,North,Wholesale,2023-03-04,Yes
C068,Ember Goods,South,Retail,2022-02-09,Yes
C069,Pebble Supply,West,Online,2022-07-17,Yes
C070,Juniper Supply,West,Retail,2023-07-04,Yes
C071,Tidewater Goods,West,Wholesale,2023-09-19,No
C072,Pebble Market,East,Retail,2022-12-08,No
C073,Meadow Goods,East,Wholesale,2023-11-20,Yes
C074,Lantern Goods,East,Wholesale,2023-07-09,Yes
C075,Birch Provisions,South,Retail,2022-05-03,No
C076,Granite Goods,North,Retail,2023-02-10,No
C077,Kestrel Supply,West,Wholesale,2023-04-02,No
C078,Amber Collective,West,Online,2022-03-27,Yes
C079,Lantern Supply,East,Retail,2023-11-07,Yes
C080,Saffron Outfitters,East,Wholesale,2023-02-02,No
