order_id,order_date,customer_id,product_id,quantity,amount,status,channel
10001,2024-01-02,C061,P015,2,29.98,Shipped,Web
10002,2024-01-02,C015,P002,1,175.74,Delivered,Web
10003,2024-01-02,C072,P019,3,256.36,Delivered,Web
10004,2024-01-02,C016,P011,2,89.00,Delivered,Web
10005,2024-01-02,C063,P001,2,55.20,Delivered,Web
10006,2024-01-03,C068,P006,3,145.32,Returned,Store
10007,2024-01-04,C068,P004,1,143.00,Delivered,Store
10008,2024-01-06,C031,P023,4,436.00,Delivered,Store
10009,2024-01-06,C012,P022,2,279.00,Delivered,Web
10010,2024-01-07,C042,P003,2,109.90,Delivered,Phone
10011,2024-01-08,C048,P003,3,164.85,Delivered,Store
10012,2024-01-08,C009,P019,3,256.36,Delivered,Web
10013,2024-01-10,C001,P018,1,148.50,Delivered,Web
10014,2024-01-11,C009,P010,1,126.50,Delivered,Web
10015,2024-01-11,C009,P002,2,369.98,Delivered,Phone
10016,2024-01-13,C017,P019,1,89.95,Delivered,Phone
10017,2024-01-13,C058,P001,1,32.77,Delivered,Web
10018,2024-01-14,C024,P014,3,668.85,Shipped,Web
10019,2024-01-14,C015,P021,2,233.70,Delivered,Web
10020,2024-01-15,C001,P017,2,119.90,Delivered,Phone
10021,2024-01-16,C001,P005,4,912.00,Delivered,Web
10022,2024-01-17,C020,P002,1,166.49,Delivered,Store
10023,2024-01-19,C008,P001,4,131.10,Delivered,Store
10024,2024-01-19,C042,P018,3,445.50,Delivered,Web
10025,2024-01-20,C026,P002,2,332.98,Shipped,Web
10026,2024-01-22,C019,P021,3,350.55,Delivered,Web
10027,2024-01-25,C066,P022,2,265.05,Delivered,Store
10028,2024-01-27,C059,P012,3,151.50,Delivered,Phone
10029,2024-01-28,C056,P022,1,139.50,Shipped,Phone
10030,2024-01-29,C036,P003,1,54.95,Delivered,Store
10031,2024-01-31,C015,P004,1,128.70,Returned,Store
10032,2024-01-31,C075,P006,1,50.99,Cancelled,Web
10033,2024-01-31,C016,P019,3,215.88,Delivered,Store
10034,2024-02-01,C027,P003,1,54.95,Delivered,Web
10035,2024-02-01,C069,P001,1,34.50,Delivered,Web
10036,2024-02-01,C046,P004,2,286.00,Shipped,Phone
10037,2024-02-02,C004,P003,1,54.95,Delivered,Store
10038,2024-02-03,C012,P013,2,403.00,Delivered,Web
10039,2024-02-03,C046,P016,4,247.80,Delivered,Web
10040,2024-02-05,C062,P003,3,148.37,Delivered,Store
10041,2024-02-07,C053,P024,1,152.06,Delivered,Store
10042,2024-02-08,C031,P016,4,235.41,Delivered,Phone
10043,2024-02-09,C012,P012,2,95.95,Delivered,Web
10044,2024-02-10,C053,P012,2,101.00,Delivered,Web
10045,2024-02-11,C067,P001,4,138.00,Delivered,Web
10046,2024-02-11,C003,P022,2,251.10,Delivered,Phone
10047,2024-02-12,C080,P024,4,608.22,Delivered,Web
10048,2024-02-12,C051,P015,1,14.24,Delivered,Store
10049,2024-02-13,C016,P001,4,131.10,Returned,Web
10050,2024-02-13,C067,P003,3,164.85,Delivered,Store
10051,2024-02-14,C064,P004,4,572.00,Cancelled,Store
10052,2024-02-15,C024,P006,1,48.44,Delivered,Web
10053,2024-02-15,C054,P007,6,193.52,Delivered,Store
10054,2024-02-15,C024,P006,1,50.99,Delivered,Store
10055,2024-02-16,C011,P003,2,98.91,Delivered,Web
10056,2024-02-16,C029,P003,2,104.41,Delivered,Web
10057,2024-02-16,C019,P001,1,32.77,Delivered,Web
10058,2024-02-16,C013,P009,2,397.00,Cancelled,Store
10059,2024-02-16,C034,P006,1,50.99,Delivered,Store
10060,2024-02-17,C065,P007,10,339.50,Delivered,Web
10061,2024-02-18,C005,P005,2,480.00,Cancelled,Web
10062,2024-02-18,C038,P013,2,362.70,Delivered,Phone
10063,2024-02-19,C041,P001,4,138.00,Shipped,Web
10064,2024-02-19,C039,P008,3,38.85,Cancelled,Web
10065,2024-02-21,C079,P014,2,445.90,Delivered,Web
10066,2024-02-22,C028,P002,2,351.48,Delivered,Web
10067,2024-02-23,C036,P014,4,891.80,Cancelled,Web
10068,2024-02-23,C029,P017,2,119.90,Delivered,Web
10069,2024-02-23,C068,P002,1,184.99,Delivered,Store
10070,2024-02-24,C065,P007,2,67.90,Delivered,Web
10071,2024-02-25,C034,P005,6,1440.00,Shipped,Web
10072,2024-02-25,C077,P023,6,654.00,Delivered,Store
10073,2024-02-26,C032,P009,2,397.00,Shipped,Web
10074,2024-02-27,C004,P001,10,327.75,Delivered,Web
10075,2024-02-27,C047,P004,4,572.00,Delivered,Web
10076,2024-02-28,C036,P011,3,133.50,Shipped,Store
10077,2024-02-29,C054,P003,1,54.95,Delivered,Store
10078,2024-02-29,C014,P009,3,626.85,Delivered,Web
10079,2024-03-01,C039,P003,2,109.90,Delivered,Web
10080,2024-03-01,C044,P020,2,329.98,Delivered,Store
10081,2024-03-01,C011,P003,1,52.20,Delivered,Web
10082,2024-03-01,C025,P001,1,34.50,Delivered,Store
10083,2024-03-02,C063,P002,2,369.98,Returned,Web
10084,2024-03-02,C057,P010,1,120.17,Returned,Web
10085,2024-03-02,C058,P018,6,891.00,Delivered,Web
10086,2024-03-03,C019,P024,1,168.95,Delivered,Web
10087,2024-03-03,C004,P017,4,215.82,Delivered,Web
10088,2024-03-04,C015,P010,2,253.00,Delivered,Phone
10089,2024-03-04,C012,P012,3,143.92,Delivered,Web
10090,2024-03-04,C014,P012,2,80.80,Delivered,Web
10091,2024-03-05,C075,P020,3,494.97,Delivered,Web
10092,2024-03-06,C073,P001,1,34.50,Returned,Phone
10093,2024-03-06,C010,P003,4,208.81,Delivered,Web
10094,2024-03-06,C067,P005,2,456.00,Delivered,Phone
10095,2024-03-06,C015,P005,2,456.00,Delivered,Phone
10096,2024-03-08,C066,P002,1,184.99,Delivered,Web
10097,2024-03-09,C004,P017,2,119.90,Delivered,Web
10098,2024-03-10,C010,P018,1,148.50,Delivered,Web
10099,2024-03-11,C071,P007,6,203.70,Delivered,Store
10100,2024-03-11,C025,P006,4,193.76,Delivered,Web
10101,2024-03-12,C047,P023,2,218.00,Delivered,Web
10102,2024-03-13,C019,P002,3,499.47,Delivered,Web
10103,2024-03-13,C080,P008,2,25.90,Delivered,Web
10104,2024-03-13,C006,P021,1,116.85,Delivered,Phone
10105,2024-03-13,C076,P016,3,185.85,Returned,Web
10106,2024-03-14,C035,P015,2,28.48,Delivered,Phone
10107,2024-03-16,C008,P003,6,313.22,Delivered,Web
10108,2024-03-16,C060,P012,4,191.90,Delivered,Web
10109,2024-03-17,C023,P002,1,184.99,Delivered,Store
10110,2024-03-19,C035,P016,1,58.85,Delivered,Web
10111,2024-03-21,C053,P005,2,480.00,Shipped,Web
10112,2024-03-24,C007,P001,3,103.50,Shipped,Web
10113,2024-03-26,C072,P015,1,13.49,Delivered,Web
10114,2024-03-27,C051,P001,2,69.00,Delivered,Web
10115,2024-03-27,C048,P002,2,295.98,Shipped,Web
10116,2024-03-29,C029,P008,2,23.31,Delivered,Web
10117,2024-03-29,C009,P014,1,200.66,Delivered,Phone
10118,2024-03-29,C040,P002,3,554.97,Delivered,Store
10119,2024-03-29,C004,P001,1,34.50,Delivered,Web
10120,2024-03-30,C057,P009,2,417.90,Cancelled,Web
10121,2024-03-31,C080,P009,1,208.95,Delivered,Store
10122,2024-04-01,C031,P021,1,123.00,Delivered,Web
10123,2024-04-02,C027,P013,6,1209.00,Delivered,Web
10124,2024-04-03,C044,P016,2,123.90,Delivered,Web
10125,2024-04-04,C001,P008,3,38.85,Delivered,Phone
10126,2024-04-04,C018,P006,2,101.98,Shipped,Web
10127,2024-04-04,C014,P001,2,69.00,Delivered,Store
10128,2024-04-05,C069,P009,2,376.11,Delivered,Web
10129,2024-04-05,C052,P004,1,135.85,Delivered,Web
10130,2024-04-05,C075,P005,2,456.00,Delivered,Store
10131,2024-04-06,C053,P011,1,40.05,Delivered,Phone
10132,2024-04-06,C037,P010,1,113.85,Returned,Store
10133,2024-04-06,C034,P003,2,109.90,Delivered,Store
10134,2024-04-07,C072,P002,1,184.99,Delivered,Web
10135,2024-04-08,C019,P004,1,143.00,Delivered,Web
10136,2024-04-09,C075,P018,1,141.07,Delivered,Web
10137,2024-04-09,C042,P001,10,310.50,Delivered,Store
10138,2024-04-10,C033,P001,2,65.55,Delivered,Web
10139,2024-04-11,C039,P010,1,113.85,Delivered,Phone
10140,2024-04-11,C001,P002,1,184.99,Delivered,Phone
10141,2024-04-11,C014,P009,1,208.95,Delivered,Store
10142,2024-04-14,C040,P001,2,69.00,Delivered,Phone
10143,2024-04-16,C036,P005,3,720.00,Delivered,Web
10144,2024-04-18,C017,P013,1,191.42,Delivered,Web
10145,2024-04-18,C046,P007,1,33.95,Returned,Web
10146,2024-04-18,C078,P002,6,1054.44,Shipped,Web
10147,2024-04-18,C025,P019,3,269.85,Delivered,Store
10148,2024-04-18,C012,P022,4,530.10,Delivered,Web
10149,2024-04-19,C003,P024,2,337.90,Delivered,Store
10150,2024-04-19,C001,P001,4,138.00,Delivered,Web
10151,2024-04-20,C006,P017,6,359.70,Returned,Web
10152,2024-04-20,C019,P003,3,164.85,Delivered,Web
10153,2024-04-20,C049,P005,10,2400.00,Delivered,Store
10154,2024-04-20,C073,P018,1,133.65,Delivered,Store
10155,2024-04-20,C005,P006,2,91.78,Delivered,Web
10156,2024-04-21,C046,P007,2,67.90,Delivered,Store
10157,2024-04-21,C001,P012,10,505.00,Delivered,Store
10158,2024-04-22,C056,P005,2,480.00,Delivered,Web
10159,2024-04-22,C070,P002,1,175.74,Delivered,Web
10160,2024-04-22,C023,P003,2,109.90,Delivered,Store
10161,2024-04-23,C074,P002,1,184.99,Shipped,Web
10162,2024-04-23,C014,P004,6,686.40,Cancelled,Store
10163,2024-04-23,C028,P008,3,36.91,Delivered,Web
10164,2024-04-24,C046,P023,4,436.00,Delivered,Store
10165,2024-04-25,C018,P024,2,321.00,Delivered,Web
10166,2024-04-26,C064,P014,2,445.90,Delivered,Store
10167,2024-04-26,C007,P010,2,227.70,Delivered,Store
10168,2024-04-26,C069,P006,4,183.56,Delivered,Web
10169,2024-04-27,C028,P013,1,201.50,Delivered,Web
10170,2024-04-27,C047,P004,2,286.00,Delivered,Store
10171,2024-04-27,C045,P002,1,184.99,Shipped,Web
10172,2024-04-28,C016,P003,1,54.95,Delivered,Web
10173,2024-04-29,C028,P020,2,313.48,Shipped,Web
10174,2024-04-29,C064,P014,3,601.96,Returned,Phone
10175,2024-04-29,C033,P020,1,164.99,Delivered,Store
10176,2024-04-29,C029,P016,1,61.95,Delivered,Web
10177,2024-04-29,C062,P022,2,279.00,Shipped,Web
10178,2024-04-29,C053,P006,1,50.99,Delivered,Web
10179,2024-04-29,C047,P019,6,539.70,Delivered,Web
10180,2024-04-30,C062,P012,1,45.45,Delivered,Web
10181,2024-04-30,C040,P001,1,34.50,Delivered,Web
10182,2024-04-30,C070,P002,1,184.99,Delivered,Web
10183,2024-05-01,C043,P003,3,148.37,Delivered,Store
10184,2024-05-01,C009,P002,1,184.99,Delivered,Store
10185,2024-05-02,C029,P001,1,27.60,Delivered,Phone
10186,2024-05-02,C015,P001,2,69.00,Delivered,Web
10187,2024-05-02,C014,P012,2,101.00,Delivered,Web
10188,2024-05-02,C044,P006,4,203.96,Delivered,Web
10189,2024-05-03,C016,P021,2,246.00,Delivered,Web
10190,2024-05-03,C004,P002,3,527.22,Delivered,Web
10191,2024-05-03,C009,P018,2,297.00,Delivered,Web
10192,2024-05-03,C002,P003,1,52.20,Delivered,Store
10193,2024-05-03,C061,P001,2,65.55,Delivered,Web
10194,2024-05-04,C036,P002,3,527.22,Delivered,Store
10195,2024-05-06,C014,P009,2,334.32,Delivered,Store
10196,2024-05-06,C074,P001,1,34.50,Delivered,Web
10197,2024-05-06,C033,P011,10,445.00,Delivered,Phone
10198,2024-05-06,C010,P001,1,31.05,Delivered,Web
10199,2024-05-07,C064,P021,1,123.00,Delivered,Web
10200,2024-05-07,C058,P016,4,235.41,Delivered,Store
10201,2024-05-07,C001,P008,1,12.95,Returned,Store
10202,2024-05-08,C009,P001,6,196.65,Delivered,Web
10203,2024-05-08,C061,P001,1,32.77,Delivered,Store
10204,2024-05-08,C066,P009,1,208.95,Delivered,Store
10205,2024-05-09,C011,P010,3,303.60,Delivered,Phone
10206,2024-05-09,C018,P021,10,1230.00,Delivered,Store
10207,2024-05-10,C061,P001,1,34.50,Delivered,Phone
10208,2024-05-10,C025,P010,1,113.85,Delivered,Store
10209,2024-05-10,C080,P002,1,184.99,Cancelled,Web
10210,2024-05-11,C014,P012,6,303.00,Delivered,Web
10211,2024-05-12,C078,P008,3,34.96,Delivered,Phone
10212,2024-05-12,C024,P015,1,14.99,Delivered,Web
10213,2024-05-12,C036,P022,2,279.00,Delivered,Store
10214,2024-05-12,C016,P003,1,54.95,Delivered,Web
10215,2024-05-12,C010,P016,1,61.95,Delivered,Store
10216,2024-05-12,C004,P005,3,720.00,Delivered,Store
10217,2024-05-12,C021,P015,1,14.99,Delivered,Web
10218,2024-05-13,C062,P011,10,445.00,Shipped,Web
10219,2024-05-13,C009,P023,2,218.00,Cancelled,Web
10220,2024-05-14,C011,P005,2,480.00,Delivered,Store
10221,2024-05-15,C033,P015,4,59.96,Delivered,Web
10222,2024-05-16,C002,P024,1,168.95,Delivered,Store
10223,2024-05-16,C034,P002,4,702.96,Delivered,Phone
10224,2024-05-18,C056,P008,1,12.30,Delivered,Web
10225,2024-05-18,C041,P010,3,341.55,Returned,Web
10226,2024-05-19,C022,P005,4,960.00,Returned,Store
10227,2024-05-19,C026,P002,1,184.99,Delivered,Store
10228,2024-05-20,C018,P005,1,216.00,Delivered,Store
10229,2024-05-20,C011,P006,2,101.98,Cancelled,Store
10230,2024-05-21,C069,P005,2,480.00,Shipped,Web
10231,2024-05-21,C018,P002,4,739.96,Delivered,Store
10232,2024-05-22,C030,P022,1,139.50,Delivered,Store
10233,2024-05-22,C074,P005,3,684.00,Delivered,Store
10234,2024-05-24,C049,P023,3,327.00,Delivered,Phone
10235,2024-05-24,C015,P001,1,34.50,Delivered,Web
10236,2024-05-24,C053,P002,2,351.48,Delivered,Web
10237,2024-05-24,C018,P005,1,240.00,Delivered,Web
10238,2024-05-24,C059,P006,1,50.99,Delivered,Store
10239,2024-05-25,C001,P014,1,222.95,Delivered,Web
10240,2024-05-25,C047,P002,2,369.98,Delivered,Web
10241,2024-05-26,C062,P009,2,417.90,Delivered,Web
10242,2024-05-26,C070,P004,1,143.00,Returned,Web
10243,2024-05-26,C080,P001,1,31.05,Delivered,Web
10244,2024-05-26,C011,P019,4,359.80,Delivered,Web
10245,2024-05-26,C036,P005,4,912.00,Delivered,Store
10246,2024-05-28,C033,P001,2,69.00,Delivered,Web
10247,2024-05-28,C059,P018,4,594.00,Delivered,Web
10248,2024-05-28,C047,P014,2,445.90,Delivered,Phone
10249,2024-05-28,C005,P010,1,126.50,Shipped,Web
10250,2024-05-28,C010,P013,1,201.50,Delivered,Web
10251,2024-05-28,C024,P003,1,54.95,Delivered,Phone
10252,2024-05-28,C011,P001,2,65.55,Delivered,Store
10253,2024-05-29,C055,P008,1,11.65,Delivered,Web
10254,2024-05-29,C038,P020,2,329.98,Delivered,Web
10255,2024-05-30,C030,P012,1,50.50,Delivered,Store
10256,2024-05-30,C020,P002,2,369.98,Delivered,Web
10257,2024-05-30,C001,P019,3,269.85,Delivered,Web
10258,2024-05-30,C018,P013,1,181.35,Delivered,Web
10259,2024-05-31,C005,P009,1,208.95,Delivered,Web
10260,2024-06-01,C014,P004,1,135.85,Cancelled,Web
10261,2024-06-01,C058,P019,2,179.90,Delivered,Web
10262,2024-06-01,C052,P002,1,184.99,Shipped,Store
10263,2024-06-01,C075,P022,2,279.00,Delivered,Web
10264,2024-06-01,C011,P019,1,80.95,Returned,Web
10265,2024-06-01,C047,P003,1,54.95,Returned,Web
10266,2024-06-01,C035,P003,1,54.95,Delivered,Store
10267,2024-06-02,C001,P019,4,359.80,Delivered,Store
10268,2024-06-02,C004,P004,1,143.00,Delivered,Web
10269,2024-06-02,C035,P014,1,222.95,Cancelled,Web
10270,2024-06-02,C045,P006,1,50.99,Delivered,Store
10271,2024-06-02,C028,P001,3,98.32,Delivered,Web
10272,2024-06-03,C066,P016,2,111.51,Delivered,Web
10273,2024-06-03,C006,P014,1,222.95,Delivered,Store
10274,2024-06-04,C041,P003,2,98.91,Delivered,Web
10275,2024-06-04,C062,P015,1,13.49,Delivered,Web
10276,2024-06-04,C028,P008,1,12.95,Shipped,Web
10277,2024-06-04,C015,P006,10,509.90,Delivered,Web
10278,2024-06-04,C033,P019,3,269.85,Delivered,Phone
10279,2024-06-05,C050,P001,3,103.50,Returned,Store
10280,2024-06-05,C047,P012,2,101.00,Delivered,Web
10281,2024-06-05,C047,P005,3,648.00,Delivered,Store
10282,2024-06-06,C049,P004,1,114.40,Delivered,Web
10283,2024-06-06,C001,P016,2,123.90,Delivered,Web
10284,2024-06-06,C008,P003,1,54.95,Delivered,Store
10285,2024-06-07,C024,P015,1,13.49,Delivered,Web
10286,2024-06-07,C017,P012,2,101.00,Delivered,Web
10287,2024-06-07,C009,P001,2,69.00,Delivered,Store
10288,2024-06-07,C051,P013,10,2015.00,Shipped,Web
10289,2024-06-07,C054,P008,3,38.85,Delivered,Store
10290,2024-06-07,C080,P008,4,51.80,Returned,Web
10291,2024-06-08,C048,P003,6,313.22,Delivered,Web
10292,2024-06-08,C041,P004,3,386.10,Delivered,Store
10293,2024-06-08,C046,P024,1,168.95,Delivered,Web
10294,2024-06-08,C030,P008,1,12.95,Delivered,Store
10295,2024-06-08,C043,P017,1,59.95,Delivered,Web
10296,2024-06-09,C004,P006,2,81.58,Cancelled,Store
10297,2024-06-09,C046,P023,2,207.10,Delivered,Phone
10298,2024-06-10,C035,P004,3,407.55,Delivered,Store
10299,2024-06-10,C007,P016,4,235.41,Delivered,Web
10300,2024-06-10,C055,P013,2,403.00,Delivered,Store
10301,2024-06-10,C047,P007,2,61.11,Delivered,Web
10302,2024-06-10,C074,P013,1,191.42,Delivered,Store
10303,2024-06-10,C007,P005,1,240.00,Delivered,Web
10304,2024-06-11,C052,P018,1,148.50,Delivered,Phone
10305,2024-06-11,C011,P001,1,32.77,Delivered,Web
10306,2024-06-11,C051,P001,1,32.77,Delivered,Web
10307,2024-06-12,C039,P017,3,179.85,Delivered,Web
10308,2024-06-12,C034,P005,1,240.00,Delivered,Web
10309,2024-06-13,C015,P004,2,286.00,Delivered,Phone
10310,2024-06-13,C034,P006,2,101.98,Returned,Store
10311,2024-06-13,C016,P008,6,77.70,Delivered,Web
10312,2024-06-13,C028,P010,2,253.00,Delivered,Store
10313,2024-06-13,C077,P004,2,286.00,Delivered,Store
10314,2024-06-13,C073,P001,10,345.00,Delivered,Phone
10315,2024-06-14,C004,P015,2,26.98,Delivered,Web
10316,2024-06-14,C075,P017,1,59.95,Cancelled,Store
10317,2024-06-14,C035,P024,1,168.95,Delivered,Store
10318,2024-06-14,C041,P020,1,131.99,Returned,Phone
10319,2024-06-15,C008,P001,2,69.00,Delivered,Store
10320,2024-06-16,C052,P004,1,143.00,Returned,Store
10321,2024-06-16,C001,P016,2,123.90,Returned,Store
10322,2024-06-16,C065,P002,10,1664.91,Shipped,Web
10323,2024-06-16,C021,P007,2,67.90,Delivered,Store
10324,2024-06-16,C075,P002,6,1054.44,Delivered,Phone
10325,2024-06-16,C048,P014,6,1337.70,Delivered,Phone
10326,2024-06-17,C003,P004,6,858.00,Cancelled,Web
10327,2024-06-17,C017,P003,2,109.90,Delivered,Web
10328,2024-06-17,C019,P002,1,184.99,Delivered,Web
10329,2024-06-18,C034,P024,2,337.90,Delivered,Web
10330,2024-06-19,C017,P010,4,480.70,Delivered,Web
10331,2024-06-19,C056,P001,4,110.40,Returned,Store
10332,2024-06-19,C067,P004,2,286.00,Delivered,Phone
10333,2024-06-20,C003,P023,3,327.00,Delivered,Web
10334,2024-06-20,C004,P003,2,87.92,Delivered,Phone
10335,2024-06-20,C033,P021,1,98.40,Delivered,Web
10336,2024-06-20,C064,P015,2,23.98,Delivered,Web
10337,2024-06-20,C015,P017,1,59.95,Delivered,Store
10338,2024-06-20,C051,P001,1,34.50,Delivered,Web
10339,2024-06-21,C003,P002,2,332.98,Delivered,Web
10340,2024-06-22,C014,P004,3,429.00,Delivered,Web
10341,2024-06-22,C062,P003,2,104.41,Delivered,Web
10342,2024-06-22,C037,P024,2,304.11,Delivered,Store
10343,2024-06-22,C014,P013,3,574.27,Delivered,Web
10344,2024-06-23,C067,P005,2,432.00,Delivered,Store
10345,2024-06-23,C008,P001,2,69.00,Delivered,Store
10346,2024-06-23,C021,P021,2,246.00,Shipped,Store
10347,2024-06-23,C018,P002,1,184.99,Cancelled,Web
10348,2024-06-23,C010,P012,10,479.75,Delivered,Store
10349,2024-06-24,C046,P010,6,759.00,Delivered,Phone
10350,2024-06-24,C046,P005,1,228.00,Shipped,Phone
10351,2024-06-25,C031,P015,3,42.72,Shipped,Phone
10352,2024-06-25,C056,P019,3,256.36,Shipped,Phone
10353,2024-06-25,C037,P001,2,62.10,Delivered,Web
10354,2024-06-25,C009,P023,1,109.00,Delivered,Web
10355,2024-06-26,C015,P022,2,251.10,Shipped,Web
10356,2024-06-26,C041,P001,3,98.32,Delivered,Store
10357,2024-06-27,C007,P023,3,261.60,Delivered,Phone
10358,2024-06-27,C078,P014,4,891.80,Delivered,Phone
10359,2024-06-27,C014,P021,2,246.00,Delivered,Store
10360,2024-06-28,C076,P002,6,1109.94,Delivered,Phone
10361,2024-06-28,C064,P013,1,201.50,Delivered,Store
10362,2024-06-28,C022,P001,4,138.00,Delivered,Web
10363,2024-06-29,C005,P003,1,52.20,Delivered,Store
10364,2024-06-29,C020,P004,4,572.00,Delivered,Store
10365,2024-06-29,C027,P015,4,59.96,Shipped,Store
10366,2024-06-29,C023,P012,2,95.95,Delivered,Store
10367,2024-06-30,C015,P001,1,32.77,Delivered,Web
10368,2024-06-30,C038,P004,2,286.00,Delivered,Store
10369,2024-06-30,C009,P024,3,506.85,Shipped,Web
10370,2024-07-01,C003,P007,6,193.52,Delivered,Store
10371,2024-07-01,C042,P016,2,123.90,Delivered,Store
10372,2024-07-01,C008,P001,3,103.50,Shipped,Store
10373,2024-07-01,C060,P002,3,499.47,Delivered,Web
10374,2024-07-02,C051,P010,4,506.00,Delivered,Web
10375,2024-07-02,C048,P022,2,279.00,Shipped,Web
10376,2024-07-02,C038,P012,1,50.50,Shipped,Web
10377,2024-07-02,C052,P009,1,198.50,Delivered,Store
10378,2024-07-03,C051,P002,2,369.98,Delivered,Store
10379,2024-07-03,C054,P023,2,207.10,Delivered,Phone
10380,2024-07-04,C003,P001,2,62.10,Delivered,Web
10381,2024-07-04,C028,P016,1,55.76,Shipped,Web
10382,2024-07-05,C015,P006,1,50.99,Delivered,Web
10383,2024-07-05,C021,P024,1,168.95,Delivered,Web
10384,2024-07-05,C069,P008,1,12.95,Delivered,Store
10385,2024-07-05,C046,P001,1,34.50,Delivered,Web
10386,2024-07-06,C024,P009,3,626.85,Delivered,Store
10387,2024-07-06,C044,P024,1,160.50,Delivered,Web
10388,2024-07-06,C012,P001,1,34.50,Delivered,Web
10389,2024-07-07,C004,P020,1,164.99,Returned,Web
10390,2024-07-07,C035,P007,2,64.50,Returned,Store
10391,2024-07-08,C065,P017,3,179.85,Shipped,Web
10392,2024-07-08,C018,P004,1,143.00,Delivered,Web
10393,2024-07-08,C035,P009,3,595.51,Delivered,Web
10394,2024-07-08,C021,P002,4,739.96,Cancelled,Web
10395,2024-07-08,C059,P005,3,648.00,Shipped,Store
10396,2024-07-08,C011,P019,3,269.85,Delivered,Web
10397,2024-07-09,C069,P009,1,208.95,Delivered,Web
10398,2024-07-09,C022,P021,1,123.00,Delivered,Phone
10399,2024-07-09,C014,P012,1,50.50,Delivered,Web
10400,2024-07-09,C032,P003,1,52.20,Cancelled,Phone
10401,2024-07-09,C042,P001,1,34.50,Cancelled,Web
10402,2024-07-09,C038,P009,1,208.95,Delivered,Web
10403,2024-07-09,C061,P001,1,34.50,Delivered,Web
10404,2024-07-09,C023,P001,4,138.00,Delivered,Store
10405,2024-07-10,C020,P007,4,135.80,Delivered,Store
10406,2024-07-10,C039,P012,1,47.97,Delivered,Web
10407,2024-07-11,C046,P019,4,359.80,Delivered,Store
10408,2024-07-11,C024,P021,2,246.00,Delivered,Store
10409,2024-07-11,C027,P023,1,103.55,Delivered,Web
10410,2024-07-11,C035,P012,3,136.35,Delivered,Phone
10411,2024-07-11,C054,P008,3,36.91,Delivered,Web
10412,2024-07-11,C034,P003,1,54.95,Returned,Web
10413,2024-07-11,C078,P020,4,527.97,Cancelled,Web
10414,2024-07-12,C053,P001,4,138.00,Delivered,Web
10415,2024-07-12,C074,P018,3,356.40,Returned,Store
10416,2024-07-12,C049,P001,3,98.32,Returned,Store
10417,2024-07-12,C026,P011,3,133.50,Delivered,Web
10418,2024-07-13,C005,P018,1,148.50,Delivered,Web
10419,2024-07-13,C032,P003,1,54.95,Delivered,Store
10420,2024-07-13,C056,P009,3,626.85,Delivered,Store
10421,2024-07-13,C015,P007,2,67.90,Delivered,Store
10422,2024-07-14,C065,P013,3,604.50,Delivered,Store
10423,2024-07-15,C024,P010,3,341.55,Shipped,Store
10424,2024-07-15,C041,P009,3,626.85,Shipped,Store
10425,2024-07-15,C065,P001,1,34.50,Delivered,Web
10426,2024-07-16,C037,P024,3,506.85,Returned,Store
10427,2024-07-16,C034,P012,1,50.50,Cancelled,Web
10428,2024-07-16,C046,P014,1,222.95,Delivered,Store
10429,2024-07-16,C027,P004,3,407.55,Delivered,Store
10430,2024-07-16,C015,P024,6,963.01,Cancelled,Web
10431,2024-07-16,C025,P002,3,554.97,Delivered,Web
10432,2024-07-17,C053,P003,2,104.41,Delivered,Web
10433,2024-07-17,C011,P015,1,14.99,Delivered,Store
10434,2024-07-17,C075,P023,2,196.20,Delivered,Web
10435,2024-07-17,C012,P015,1,14.99,Delivered,Web
10436,2024-07-17,C056,P022,1,125.55,Delivered,Web
10437,2024-07-17,C031,P022,1,132.53,Shipped,Phone
10438,2024-07-18,C034,P005,1,240.00,Delivered,Phone
10439,2024-07-18,C016,P010,3,360.52,Delivered,Web
10440,2024-07-18,C055,P018,3,445.50,Delivered,Store
10441,2024-07-19,C061,P020,6,890.95,Delivered,Store
10442,2024-07-19,C003,P015,2,26.98,Delivered,Web
10443,2024-07-19,C021,P021,3,332.10,Delivered,Web
10444,2024-07-20,C072,P001,3,98.32,Delivered,Web
10445,2024-07-20,C008,P017,6,341.72,Delivered,Store
10446,2024-07-20,C077,P007,4,135.80,Delivered,Web
10447,2024-07-20,C038,P008,3,36.91,Delivered,Web
10448,2024-07-20,C036,P020,2,329.98,Delivered,Web
10449,2024-07-20,C053,P007,1,33.95,Shipped,Web
10450,2024-07-20,C034,P018,1,118.80,Delivered,Web
10451,2024-07-21,C047,P005,6,1440.00,Delivered,Web
10452,2024-07-21,C007,P012,1,50.50,Delivered,Store
10453,2024-07-22,C005,P004,2,271.70,Delivered,Store
10454,2024-07-22,C006,P007,1,32.25,Delivered,Store
10455,2024-07-23,C029,P006,3,152.97,Delivered,Web
10456,2024-07-23,C076,P014,4,891.80,Delivered,Web
10457,2024-07-23,C002,P009,2,417.90,Delivered,Store
10458,2024-07-24,C038,P002,1,166.49,Delivered,Web
10459,2024-07-24,C073,P018,2,297.00,Delivered,Store
10460,2024-07-24,C022,P005,1,228.00,Delivered,Web
10461,2024-07-24,C047,P009,2,417.90,Delivered,Store
10462,2024-07-24,C003,P002,1,184.99,Delivered,Web
10463,2024-07-25,C021,P001,2,69.00,Delivered,Web
10464,2024-07-25,C003,P002,3,527.22,Returned,Store
10465,2024-07-25,C032,P004,1,135.85,Delivered,Phone
10466,2024-07-26,C032,P024,3,481.51,Delivered,Store
10467,2024-07-26,C005,P002,1,175.74,Returned,Store
10468,2024-07-27,C036,P016,1,58.85,Delivered,Web
10469,2024-07-27,C061,P018,1,141.07,Shipped,Store
10470,2024-07-27,C002,P012,2,101.00,Delivered,Store
10471,2024-07-28,C014,P016,1,61.95,Shipped,Store
10472,2024-07-28,C061,P011,1,40.05,Delivered,Store
10473,2024-07-29,C061,P003,4,219.80,Delivered,Web
10474,2024-07-29,C079,P006,2,81.58,Delivered,Web
10475,2024-07-29,C073,P022,1,139.50,Delivered,Web
10476,2024-07-31,C004,P020,2,313.48,Delivered,Web
10477,2024-07-31,C032,P001,3,103.50,Delivered,Web
10478,2024-07-31,C023,P001,1,34.50,Delivered,Store
10479,2024-08-01,C035,P019,1,89.95,Delivered,Web
10480,2024-08-01,C035,P009,1,167.16,Returned,Store
10481,2024-08-01,C004,P012,2,101.00,Delivered,Store
10482,2024-08-02,C028,P012,10,505.00,Delivered,Phone
10483,2024-08-02,C066,P002,1,184.99,Delivered,Phone
10484,2024-08-02,C004,P001,2,65.55,Shipped,Web
10485,2024-08-03,C037,P001,4,138.00,Cancelled,Store
10486,2024-08-03,C023,P017,2,119.90,Delivered,Web
10487,2024-08-03,C039,P001,1,31.05,Delivered,Web
10488,2024-08-04,C020,P002,3,554.97,Delivered,Web
10489,2024-08-04,C002,P012,2,101.00,Shipped,Web
10490,2024-08-04,C028,P001,2,69.00,Delivered,Web
10491,2024-08-04,C039,P022,2,279.00,Delivered,Web
10492,2024-08-05,C045,P016,1,61.95,Delivered,Web
10493,2024-08-05,C019,P001,1,34.50,Delivered,Phone
10494,2024-08-05,C002,P023,1,109.00,Shipped,Web
10495,2024-08-05,C014,P013,2,403.00,Delivered,Web
10496,2024-08-05,C017,P023,10,981.00,Delivered,Store
10497,2024-08-05,C004,P005,1,240.00,Delivered,Phone
10498,2024-08-06,C024,P012,1,50.50,Delivered,Web
10499,2024-08-07,C001,P004,2,286.00,Delivered,Web
10500,2024-08-07,C048,P004,2,286.00,Delivered,Store
10501,2024-08-07,C013,P008,1,12.95,Delivered,Web
10502,2024-08-08,C008,P010,2,240.35,Delivered,Store
10503,2024-08-08,C038,P005,10,2400.00,Delivered,Store
10504,2024-08-09,C012,P003,3,164.85,Delivered,Web
10505,2024-08-09,C074,P020,3,494.97,Delivered,Store
10506,2024-08-09,C049,P009,1,208.95,Delivered,Phone
10507,2024-08-09,C058,P003,1,52.20,Returned,Web
10508,2024-08-09,C016,P010,1,101.20,Shipped,Web
10509,2024-08-09,C003,P009,2,397.00,Delivered,Web
10510,2024-08-10,C044,P011,1,44.50,Delivered,Web
10511,2024-08-10,C046,P008,1,11.65,Delivered,Web
10512,2024-08-11,C077,P001,2,62.10,Delivered,Web
10513,2024-08-11,C043,P004,3,429.00,Delivered,Store
10514,2024-08-11,C019,P001,1,34.50,Delivered,Store
10515,2024-08-11,C071,P010,3,360.52,Delivered,Store
10516,2024-08-11,C048,P007,1,33.95,Delivered,Web
10517,2024-08-11,C078,P001,4,110.40,Delivered,Web
10518,2024-08-11,C034,P001,2,65.55,Delivered,Web
10519,2024-08-12,C050,P001,1,34.50,Delivered,Phone
10520,2024-08-12,C005,P021,2,196.80,Delivered,Web
10521,2024-08-13,C001,P011,2,89.00,Returned,Web
10522,2024-08-13,C016,P024,10,1605.02,Delivered,Store
10523,2024-08-13,C014,P013,1,181.35,Delivered,Web
10524,2024-08-13,C008,P001,1,34.50,Delivered,Web
10525,2024-08-13,C031,P001,1,32.77,Delivered,Web
10526,2024-08-13,C051,P005,1,216.00,Returned,Web
10527,2024-08-14,C010,P003,2,104.41,Delivered,Web
10528,2024-08-14,C028,P001,2,65.55,Delivered,Web
10529,2024-08-15,C006,P019,1,89.95,Delivered,Store
10530,2024-08-16,C026,P007,3,96.76,Cancelled,Store
10531,2024-08-16,C004,P018,1,133.65,Cancelled,Store
10532,2024-08-16,C018,P011,2,80.10,Delivered,Web
10533,2024-08-16,C060,P009,1,208.95,Delivered,Web
10534,2024-08-16,C049,P001,3,103.50,Delivered,Web
10535,2024-08-16,C011,P023,1,109.00,Cancelled,Store
10536,2024-08-17,C010,P001,4,138.00,Delivered,Store
10537,2024-08-17,C046,P010,1,120.17,Returned,Web
10538,2024-08-17,C007,P004,3,429.00,Delivered,Phone
10539,2024-08-18,C078,P014,2,423.60,Delivered,Web
10540,2024-08-19,C009,P018,2,297.00,Delivered,Store
10541,2024-08-19,C022,P001,2,69.00,Delivered,Store
10542,2024-08-20,C009,P010,1,126.50,Delivered,Web
10543,2024-08-20,C037,P007,2,54.32,Delivered,Web
10544,2024-08-20,C023,P008,3,38.85,Delivered,Web
10545,2024-08-20,C029,P008,4,51.80,Delivered,Web
10546,2024-08-21,C080,P016,2,123.90,Delivered,Phone
10547,2024-08-23,C001,P001,2,65.55,Delivered,Web
10548,2024-08-23,C059,P024,1,168.95,Delivered,Store
10549,2024-08-23,C052,P019,2,179.90,Shipped,Web
10550,2024-08-23,C023,P014,1,222.95,Delivered,Web
10551,2024-08-23,C050,P021,2,246.00,Delivered,Web
10552,2024-08-23,C001,P016,2,111.51,Delivered,Web
10553,2024-08-24,C068,P004,1,143.00,Delivered,Store
10554,2024-08-24,C071,P003,3,156.61,Returned,Web
10555,2024-08-24,C038,P003,10,549.50,Shipped,Web
10556,2024-08-24,C018,P015,1,14.99,Delivered,Store
10557,2024-08-25,C064,P003,1,52.20,Delivered,Store
10558,2024-08-25,C058,P006,2,101.98,Delivered,Web
10559,2024-08-25,C032,P008,2,24.60,Returned,Web
10560,2024-08-25,C009,P001,3,103.50,Delivered,Web
10561,2024-08-26,C024,P009,3,626.85,Delivered,Phone
10562,2024-08-26,C036,P002,2,369.98,Delivered,Store
10563,2024-08-26,C002,P002,2,295.98,Shipped,Web
10564,2024-08-27,C032,P002,1,184.99,Delivered,Web
10565,2024-08-27,C049,P017,3,179.85,Delivered,Store
10566,2024-08-29,C029,P009,2,417.90,Delivered,Phone
10567,2024-08-29,C009,P003,2,109.90,Delivered,Web
10568,2024-08-30,C064,P001,1,34.50,Delivered,Phone
10569,2024-08-30,C004,P015,1,14.99,Delivered,Store
10570,2024-08-30,C030,P023,10,1035.50,Delivered,Web
10571,2024-08-31,C057,P023,1,109.00,Delivered,Store
10572,2024-09-01,C024,P009,2,376.11,Delivered,Store
10573,2024-09-01,C020,P014,2,445.90,Delivered,Store
10574,2024-09-02,C035,P003,1,49.46,Delivered,Store
10575,2024-09-03,C015,P017,1,53.96,Delivered,Phone
10576,2024-09-03,C014,P001,1,32.77,Delivered,Store
10577,2024-09-04,C020,P020,6,989.94,Delivered,Web
10578,2024-09-04,C901,P011,1,42.27,Delivered,Web
10579,2024-09-05,C035,P001,6,186.30,Delivered,Store
10580,2024-09-05,C019,P022,1,125.55,Delivered,Web
10581,2024-09-06,C074,P023,3,294.30,Delivered,Web
10582,2024-09-06,C001,P023,2,218.00,Delivered,Store
10583,2024-09-06,C001,P015,1,14.24,Delivered,Store
10584,2024-09-06,C034,P010,4,455.40,Delivered,Web
10585,2024-09-07,C075,P011,2,89.00,Delivered,Web
10586,2024-09-07,C039,P010,4,506.00,Delivered,Phone
10587,2024-09-07,C001,P020,1,156.74,Shipped,Web
10588,2024-09-07,C068,P001,1,27.60,Delivered,Store
10589,2024-09-08,C003,P005,3,648.00,Shipped,Phone
10590,2024-09-08,C011,P010,2,253.00,Delivered,Web
10591,2024-09-09,C002,P003,1,54.95,Delivered,Web
10592,2024-09-09,C009,P024,2,304.11,Delivered,Web
10593,2024-09-10,C041,P003,2,98.91,Cancelled,Phone
10594,2024-09-10,C017,P002,4,665.96,Delivered,Web
10595,2024-09-11,C052,P004,2,286.00,Delivered,Web
10596,2024-09-13,C028,P004,2,257.40,Delivered,Phone
10597,2024-09-14,C036,P016,1,61.95,Delivered,Store
10598,2024-09-14,C073,P023,6,588.60,Cancelled,Phone
10599,2024-09-15,C043,P017,1,56.95,Shipped,Web
10600,2024-09-15,C024,P011,1,40.05,Delivered,Store
10601,2024-09-15,C022,P002,1,166.49,Delivered,Store
10602,2024-09-15,C058,P004,2,257.40,Cancelled,Phone
10603,2024-09-16,C048,P007,1,33.95,Delivered,Web
10604,2024-09-16,C005,P021,3,369.00,Shipped,Web
10605,2024-09-17,C001,P001,2,69.00,Delivered,Web
10606,2024-09-17,C074,P001,2,65.55,Shipped,Store
10607,2024-09-17,C009,P006,1,50.99,Cancelled,Store
10608,2024-09-18,C015,P003,2,109.90,Delivered,Web
10609,2024-09-18,C023,P014,1,222.95,Delivered,Store
10610,2024-09-18,C043,P003,2,98.91,Delivered,Web
10611,2024-09-19,C050,P004,1,128.70,Delivered,Web
10612,2024-09-20,C027,P007,1,27.16,Delivered,Store
10613,2024-09-21,C053,P006,3,152.97,Delivered,Store
10614,2024-09-22,C023,P016,1,61.95,Shipped,Web
10615,2024-09-22,C011,P001,2,69.00,Delivered,Phone
10616,2024-09-22,C001,P019,2,161.91,Returned,Phone
10617,2024-09-22,C067,P009,3,501.48,Delivered,Web
10618,2024-09-22,C068,P008,2,25.90,Delivered,Store
10619,2024-09-22,C002,P003,2,109.90,Delivered,Store
10620,2024-09-23,C078,P019,1,89.95,Delivered,Store
10621,2024-09-23,C069,P002,2,351.48,Delivered,Web
10622,2024-09-23,C002,P014,1,222.95,Delivered,Store
10623,2024-09-23,C044,P005,6,1440.00,Delivered,Phone
10624,2024-09-24,C070,P015,2,29.98,Delivered,Web
10625,2024-09-24,C062,P016,2,117.70,Delivered,Web
10626,2024-09-24,C074,P013,1,201.50,Shipped,Store
10627,2024-09-25,C012,P022,2,279.00,Delivered,Web
10628,2024-09-25,C015,P023,2,207.10,Delivered,Web
10629,2024-09-25,C025,P003,2,104.41,Delivered,Phone
10630,2024-09-25,C015,P011,3,133.50,Delivered,Web
10631,2024-09-26,C007,P005,1,240.00,Delivered,Web
10632,2024-09-26,C022,P011,2,89.00,Delivered,Phone
10633,2024-09-26,C001,P010,3,379.50,Shipped,Store
10634,2024-09-26,C007,P016,2,123.90,Delivered,Store
10635,2024-09-27,C007,P017,3,179.85,Delivered,Web
10636,2024-09-27,C050,P002,1,184.99,Delivered,Web
10637,2024-09-27,C009,P012,3,151.50,Returned,Store
10638,2024-09-28,C058,P002,2,369.98,Delivered,Web
10639,2024-09-28,C077,P001,2,69.00,Delivered,Store
10640,2024-09-29,C010,P024,1,160.50,Delivered,Web
10641,2024-09-29,C012,P014,1,222.95,Delivered,Store
10642,2024-09-29,C055,P009,1,208.95,Delivered,Web
10643,2024-09-29,C024,P015,1,14.24,Delivered,Web
10644,2024-09-30,C041,P011,2,89.00,Cancelled,Web
10645,2024-09-30,C054,P017,3,179.85,Delivered,Store
10646,2024-09-30,C001,P017,2,113.91,Delivered,Store
10647,2024-10-02,C007,P010,1,126.50,Delivered,Store
10648,2024-10-02,C006,P015,1,13.49,Delivered,Web
10649,2024-10-02,C025,P001,1,32.77,Delivered,Web
10650,2024-10-03,C051,P021,2,246.00,Delivered,Web
10651,2024-10-03,C037,P009,2,417.90,Delivered,Web
10652,2024-10-03,C047,P012,4,181.80,Delivered,Store
10653,2024-10-03,C045,P024,10,1689.50,Returned,Phone
10654,2024-10-04,C080,P023,2,207.10,Delivered,Web
10655,2024-10-04,C005,P012,1,47.97,Delivered,Web
10656,2024-10-05,C026,P019,1,89.95,Delivered,Web
10657,2024-10-06,C017,P012,2,101.00,Delivered,Web
10658,2024-10-07,C037,P001,2,69.00,Delivered,Web
10659,2024-10-07,C049,P013,1,201.50,Delivered,Web
10660,2024-10-07,C045,P006,1,50.99,Delivered,Store
10661,2024-10-07,C003,P003,3,164.85,Delivered,Phone
10662,2024-10-07,C046,P001,3,103.50,Delivered,Web
10663,2024-10-09,C039,P018,1,148.50,Returned,Web
10664,2024-10-10,C008,P001,2,65.55,Delivered,Web
10665,2024-10-10,C005,P016,1,58.85,Shipped,Store
10666,2024-10-10,C041,P003,1,54.95,Delivered,Web
10667,2024-10-10,C002,P014,3,668.85,Delivered,Web
10668,2024-10-10,C028,P004,2,286.00,Delivered,Web
10669,2024-10-10,C058,P001,1,34.50,Delivered,Store
10670,2024-10-10,C034,P021,1,123.00,Delivered,Web
10671,2024-10-11,C004,P021,1,123.00,Delivered,Store
10672,2024-10-12,C016,P014,3,668.85,Delivered,Web
10673,2024-10-12,C041,P002,2,369.98,Delivered,Web
10674,2024-10-13,C031,P009,1,198.50,Delivered,Web
10675,2024-10-13,C008,P020,1,156.74,Returned,Phone
10676,2024-10-13,C070,P017,3,179.85,Delivered,Store
10677,2024-10-13,C070,P002,1,175.74,Returned,Store
10678,2024-10-14,C009,P022,2,279.00,Cancelled,Web
10679,2024-10-14,C026,P024,2,337.90,Delivered,Web
10680,2024-10-15,C022,P008,4,49.21,Delivered,Phone
10681,2024-10-15,C005,P012,2,95.95,Delivered,Store
10682,2024-10-15,C039,P006,1,50.99,Delivered,Store
10683,2024-10-15,C009,P014,2,423.60,Delivered,Store
10684,2024-10-16,C002,P005,4,960.00,Delivered,Store
10685,2024-10-17,C078,P001,1,34.50,Delivered,Store
10686,2024-10-17,C037,P001,2,69.00,Delivered,Web
10687,2024-10-17,C006,P008,6,77.70,Delivered,Web
10688,2024-10-17,C008,P014,10,2229.50,Delivered,Store
10689,2024-10-17,C029,P023,10,1090.00,Cancelled,Store
10690,2024-10-20,C019,P001,1,34.50,Delivered,Phone
10691,2024-10-20,C002,P009,4,835.80,Delivered,Web
10692,2024-10-20,C079,P007,1,33.95,Delivered,Store
10693,2024-10-21,C056,P013,3,604.50,Returned,Web
10694,2024-10-21,C050,P003,1,54.95,Delivered,Phone
10695,2024-10-22,C004,P004,1,143.00,Shipped,Web
10696,2024-10-22,C043,P016,1,61.95,Delivered,Web
10697,2024-10-22,C010,P018,3,445.50,Delivered,Web
10698,2024-10-22,C001,P014,1,200.66,Delivered,Web
10699,2024-10-23,C048,P015,6,89.94,Returned,Web
10700,2024-10-23,C067,P001,3,103.50,Delivered,Web
10701,2024-10-23,C032,P014,2,445.90,Delivered,Web
10702,2024-10-25,C060,P021,2,246.00,Delivered,Store
10703,2024-10-25,C058,P001,3,103.50,Delivered,Web
10704,2024-10-26,C045,P006,1,50.99,Delivered,Web
10705,2024-10-26,C016,P003,2,104.41,Cancelled,Web
10706,2024-10-26,C028,P005,2,480.00,Delivered,Store
10707,2024-10-26,C056,P014,4,891.80,Delivered,Web
10708,2024-10-27,C020,P001,6,207.00,Delivered,Web
10709,2024-10-27,C049,P012,2,101.00,Delivered,Phone
10710,2024-10-28,C076,P001,2,65.55,Delivered,Web
10711,2024-10-28,C032,P018,1,133.65,Delivered,Web
10712,2024-10-29,C069,P007,2,67.90,Delivered,Phone
10713,2024-10-29,C059,P011,1,40.05,Delivered,Web
10714,2024-10-29,C011,P007,2,64.50,Delivered,Web
10715,2024-10-30,C072,P004,6,858.00,Delivered,Phone
10716,2024-10-31,C009,P001,1,32.77,Delivered,Web
10717,2024-11-01,C066,P007,3,96.76,Delivered,Web
10718,2024-11-01,C014,P003,1,54.95,Delivered,Store
10719,2024-11-02,C028,P005,2,456.00,Shipped,Store
10720,2024-11-02,C050,P007,2,67.90,Shipped,Web
10721,2024-11-02,C072,P001,3,103.50,Shipped,Store
10722,2024-11-02,C002,P013,3,574.27,Delivered,Web
10723,2024-11-03,C058,P008,2,20.72,Delivered,Store
10724,2024-11-03,C026,P002,3,527.22,Delivered,Web
10725,2024-11-04,C005,P016,2,123.90,Shipped,Store
10726,2024-11-04,C050,P013,2,382.85,Delivered,Phone
10727,2024-11-04,C078,P013,1,181.35,Delivered,Web
10728,2024-11-04,C049,P012,1,45.45,Delivered,Store
10729,2024-11-05,C022,P002,1,175.74,Delivered,Store
10730,2024-11-05,C009,P012,4,202.00,Delivered,Store
10731,2024-11-05,C017,P017,4,239.80,Delivered,Store
10732,2024-11-05,C003,P008,2,25.90,Delivered,Web
10733,2024-11-06,C002,P004,1,143.00,Delivered,Web
10734,2024-11-06,C017,P020,3,494.97,Shipped,Web
10735,2024-11-06,C007,P004,2,286.00,Delivered,Store
10736,2024-11-07,C009,P011,1,44.50,Delivered,Web
10737,2024-11-07,C004,P006,4,193.76,Delivered,Store
10738,2024-11-07,C068,P008,1,12.95,Delivered,Store
10739,2024-11-07,C044,P009,1,188.06,Delivered,Web
10740,2024-11-08,C016,P008,2,24.60,Delivered,Store
10741,2024-11-08,C018,P006,2,96.88,Delivered,Store
10742,2024-11-09,C014,P006,4,203.96,Delivered,Web
10743,2024-11-09,C052,P001,2,69.00,Delivered,Web
10744,2024-11-09,C007,P013,6,1209.00,Delivered,Store
10745,2024-11-09,C008,P024,1,160.50,Delivered,Store
10746,2024-11-10,C066,P023,2,218.00,Delivered,Web
10747,2024-11-10,C018,P008,3,34.96,Delivered,Web
10748,2024-11-10,C004,P009,3,626.85,Delivered,Web
10749,2024-11-11,C017,P004,1,143.00,Delivered,Web
10750,2024-11-12,C056,P007,2,67.90,Delivered,Web
10751,2024-11-13,C040,P006,3,152.97,Delivered,Phone
10752,2024-11-15,C036,P016,1,61.95,Delivered,Web
10753,2024-11-15,C049,P019,3,269.85,Cancelled,Phone
10754,2024-11-15,C016,P022,3,397.57,Delivered,Web
10755,2024-11-16,C033,P020,2,313.48,Delivered,Web
10756,2024-11-16,C044,P024,6,963.01,Delivered,Web
10757,2024-11-17,C067,P019,3,215.88,Delivered,Store
10758,2024-11-17,C003,P007,2,67.90,Delivered,Phone
10759,2024-11-17,C027,P006,1,50.99,Delivered,Web
10760,2024-11-17,C016,P011,1,44.50,Delivered,Web
10761,2024-11-17,C012,P019,1,80.95,Delivered,Web
10762,2024-11-18,C063,P003,1,52.20,Delivered,Web
10763,2024-11-18,C065,P009,1,208.95,Delivered,Web
10764,2024-11-19,C038,P011,1,40.05,Delivered,Web
10765,2024-11-19,C002,P022,1,139.50,Delivered,Store
10766,2024-11-19,C038,P012,2,80.80,Delivered,Phone
10767,2024-11-19,C034,P007,1,30.56,Delivered,Web
10768,2024-11-19,C011,P014,1,200.66,Delivered,Store
10769,2024-11-19,C065,P010,2,253.00,Shipped,Phone
10770,2024-11-20,C001,P001,6,207.00,Delivered,Web
10771,2024-11-20,C028,P010,2,253.00,Shipped,Phone
10772,2024-11-21,C010,P003,2,109.90,Delivered,Phone
10773,2024-11-21,C040,P003,1,54.95,Delivered,Store
10774,2024-11-21,C021,P001,1,34.50,Returned,Store
10775,2024-11-22,C024,P016,2,111.51,Delivered,Web
10776,2024-11-22,C077,P007,1,33.95,Delivered,Store
10777,2024-11-22,C021,P013,1,201.50,Delivered,Web
10778,2024-11-23,C040,P001,1,34.50,Delivered,Web
10779,2024-11-23,C038,P023,1,109.00,Delivered,Web
10780,2024-11-23,C017,P014,3,635.41,Delivered,Web
10781,2024-11-23,C903,P007,3,101.85,Delivered,Store
10782,2024-11-24,C019,P006,2,101.98,Shipped,Store
10783,2024-11-24,C077,P001,1,34.50,Delivered,Web
10784,2024-11-24,C017,P013,2,362.70,Delivered,Web
10785,2024-11-24,C015,P012,2,95.95,Delivered,Web
10786,2024-11-25,C032,P008,2,23.31,Delivered,Web
10787,2024-11-25,C040,P024,1,135.16,Delivered,Phone
10788,2024-11-26,C037,P004,4,572.00,Cancelled,Web
10789,2024-11-26,C038,P001,6,207.00,Delivered,Web
10790,2024-11-27,C053,P009,2,417.90,Delivered,Store
10791,2024-11-27,C041,P008,4,49.21,Shipped,Store
10792,2024-11-27,C013,P002,1,166.49,Delivered,Web
10793,2024-11-28,C057,P008,10,123.02,Delivered,Web
10794,2024-11-28,C035,P015,2,28.48,Delivered,Web
10795,2024-11-28,C031,P012,4,202.00,Delivered,Store
10796,2024-11-28,C010,P013,2,382.85,Delivered,Store
10797,2024-11-28,C034,P008,1,12.95,Delivered,Web
10798,2024-11-28,C057,P001,1,32.77,Delivered,Web
10799,2024-11-29,C038,P005,2,480.00,Returned,Store
10800,2024-11-29,C065,P016,4,198.24,Delivered,Store
10801,2024-11-29,C018,P002,1,166.49,Delivered,Web
10802,2024-11-29,C007,P008,1,12.95,Delivered,Web
10803,2024-11-30,C008,P010,6,721.05,Delivered,Web
10804,2024-11-30,C003,P004,1,143.00,Delivered,Store
10805,2024-11-30,C001,P007,1,33.95,Delivered,Phone
10806,2024-12-01,C044,P023,4,436.00,Returned,Phone
10807,2024-12-01,C002,P002,2,351.48,Returned,Web
10808,2024-12-01,C069,P010,1,113.85,Delivered,Web
10809,2024-12-01,C068,P014,1,211.80,Delivered,Store
10810,2024-12-02,C001,P002,1,184.99,Shipped,Web
10811,2024-12-02,C016,P016,2,123.90,Delivered,Web
10812,2024-12-02,C032,P024,1,152.06,Delivered,Phone
10813,2024-12-02,C001,P012,3,151.50,Delivered,Web
10814,2024-12-02,C066,P002,1,184.99,Delivered,Phone
10815,2024-12-02,C071,P015,2,29.98,Delivered,Phone
10816,2024-12-02,C002,P006,1,50.99,Delivered,Store
10817,2024-12-03,C059,P015,3,44.97,Delivered,Web
10818,2024-12-03,C046,P006,2,101.98,Delivered,Phone
10819,2024-12-03,C012,P015,4,47.97,Delivered,Store
10820,2024-12-04,C005,P016,1,61.95,Delivered,Store
10821,2024-12-04,C013,P019,1,89.95,Delivered,Store
10822,2024-12-04,C080,P020,1,164.99,Cancelled,Store
10823,2024-12-04,C050,P006,1,50.99,Delivered,Web
10824,2024-12-04,C028,P013,3,604.50,Delivered,Store
10825,2024-12-05,C010,P005,3,720.00,Delivered,Web
10826,2024-12-05,C065,P024,2,337.90,Delivered,Phone
10827,2024-12-05,C011,P001,1,34.50,Delivered,Store
10828,2024-12-05,C068,P001,1,32.77,Delivered,Store
10829,2024-12-06,C077,P005,4,864.00,Delivered,Store
10830,2024-12-06,C025,P023,1,103.55,Delivered,Store
10831,2024-12-06,C010,P001,2,62.10,Delivered,Web
10832,2024-12-06,C048,P001,3,93.15,Delivered,Web
10833,2024-12-07,C071,P007,4,135.80,Delivered,Web
10834,2024-12-07,C012,P008,3,38.85,Delivered,Store
10835,2024-12-07,C072,P009,1,208.95,Delivered,Web
10836,2024-12-08,C011,P008,4,51.80,Delivered,Web
10837,2024-12-08,C077,P022,4,530.10,Delivered,Web
10838,2024-12-08,C043,P024,3,506.85,Delivered,Web
10839,2024-12-08,C059,P004,1,143.00,Delivered,Web
10840,2024-12-08,C043,P019,2,161.91,Delivered,Web
10841,2024-12-08,C026,P007,1,33.95,Delivered,Phone
10842,2024-12-08,C031,P007,1,32.25,Delivered,Web
10843,2024-12-09,C006,P015,3,42.72,Delivered,Web
10844,2024-12-09,C017,P007,1,32.25,Delivered,Store
10845,2024-12-10,C079,P010,1,120.17,Shipped,Web
10846,2024-12-10,C034,P012,2,95.95,Delivered,Web
10847,2024-12-10,C003,P015,6,80.95,Delivered,Phone
10848,2024-12-11,C027,P001,4,138.00,Delivered,Phone
10849,2024-12-11,C042,P005,1,240.00,Delivered,Store
10850,2024-12-11,C042,P017,2,119.90,Delivered,Web
10851,2024-12-11,C049,P004,1,143.00,Delivered,Store
10852,2024-12-12,C052,P018,1,148.50,Delivered,Web
10853,2024-12-12,C001,P006,1,50.99,Delivered,Store
10854,2024-12-13,C077,P008,1,11.65,Cancelled,Web
10855,2024-12-13,C015,P014,3,601.96,Delivered,Store
10856,2024-12-13,C047,P010,2,253.00,Delivered,Web
10857,2024-12-13,C066,P016,3,185.85,Delivered,Phone
10858,2024-12-13,C009,P004,3,343.20,Cancelled,Web
10859,2024-12-14,C067,P006,4,203.96,Delivered,Web
10860,2024-12-14,C045,P006,10,484.41,Delivered,Web
10861,2024-12-14,C037,P001,1,31.05,Delivered,Web
10862,2024-12-15,C007,P016,1,61.95,Delivered,Store
10863,2024-12-15,C055,P002,2,369.98,Delivered,Phone
10864,2024-12-15,C018,P003,2,109.90,Delivered,Store
10865,2024-12-16,C055,P008,1,11.65,Shipped,Web
10866,2024-12-16,C045,P016,2,111.51,Delivered,Store
10867,2024-12-16,C041,P014,2,445.90,Delivered,Web
10868,2024-12-16,C015,P015,3,44.97,Delivered,Store
10869,2024-12-17,C036,P005,1,240.00,Delivered,Web
10870,2024-12-17,C023,P017,3,179.85,Shipped,Web
10871,2024-12-17,C008,P009,1,198.50,Delivered,Phone
10872,2024-12-18,C025,P005,2,480.00,Delivered,Web
10873,2024-12-18,C029,P019,2,179.90,Delivered,Web
10874,2024-12-19,C045,P009,4,835.80,Delivered,Store
10875,2024-12-19,C006,P013,1,201.50,Delivered,Web
10876,2024-12-19,C062,P023,1,109.00,Delivered,Store
10877,2024-12-19,C076,P002,1,184.99,Delivered,Web
10878,2024-12-20,C022,P002,1,184.99,Delivered,Web
10879,2024-12-21,C007,P011,3,106.80,Returned,Store
10880,2024-12-21,C032,P009,2,376.11,Delivered,Web
10881,2024-12-21,C049,P007,4,135.80,Delivered,Web
10882,2024-12-21,C068,P007,4,122.22,Delivered,Web
10883,2024-12-21,C059,P022,3,397.57,Delivered,Phone
10884,2024-12-21,C071,P002,1,184.99,Cancelled,Web
10885,2024-12-22,C075,P017,2,107.91,Delivered,Web
10886,2024-12-22,C070,P019,6,485.73,Delivered,Phone
10887,2024-12-23,C905,P006,2,101.98,Delivered,Store
10888,2024-12-23,C011,P014,1,178.36,Delivered,Web
10889,2024-12-23,C001,P008,2,25.90,Delivered,Web
10890,2024-12-23,C054,P018,1,148.50,Delivered,Store
10891,2024-12-23,C055,P004,2,286.00,Cancelled,Store
10892,2024-12-24,C067,P012,4,161.60,Delivered,Web
10893,2024-12-24,C040,P002,2,295.98,Delivered,Web
10894,2024-12-24,C006,P007,10,305.55,Delivered,Web
10895,2024-12-24,C056,P012,2,101.00,Delivered,Store
10896,2024-12-24,C045,P010,2,240.35,Delivered,Web
10897,2024-12-25,C039,P001,2,69.00,Delivered,Phone
10898,2024-12-25,C035,P005,2,456.00,Delivered,Store
10899,2024-12-25,C075,P009,2,417.90,Delivered,Store
10900,2024-12-25,C003,P018,1,148.50,Delivered,Store
10901,2024-12-26,C023,P008,1,12.95,Delivered,Store
10902,2024-12-26,C075,P020,1,164.99,Delivered,Web
10903,2024-12-27,C046,P011,3,133.50,Delivered,Store
10904,2024-12-27,C009,P003,1,54.95,Delivered,Store
10905,2024-12-27,C038,P001,2,69.00,Delivered,Web
10906,2024-12-27,C070,P005,3,576.00,Delivered,Web
10907,2024-12-28,C031,P001,2,69.00,Delivered,Store
10908,2024-12-28,C004,P013,3,604.50,Delivered,Web
10909,2024-12-28,C028,P014,1,178.36,Delivered,Web
10910,2024-12-28,C011,P018,2,267.30,Delivered,Store
10911,2024-12-29,C018,P012,1,50.50,Delivered,Web
10912,2024-12-29,C042,P003,1,54.95,Cancelled,Web
10913,2024-12-29,C014,P005,2,480.00,Delivered,Web
10914,2024-12-29,C017,P005,3,720.00,Delivered,Store
10915,2024-12-29,C029,P009,3,564.16,Delivered,Web
10916,2024-12-30,C038,P001,1,34.50,Delivered,Web
10917,2024-12-30,C035,P004,1,135.85,Delivered,Store
10918,2024-12-31,C078,P002,10,1849.90,Shipped,Web
10919,2024-12-31,C023,P001,6,196.65,Delivered,Web
10920,2024-12-31,C079,P017,1,59.95,Returned,Web
10921,2025-01-02,C005,P001,1,31.05,Delivered,Web
10922,2025-01-02,C052,P010,3,360.52,Delivered,Web
10923,2025-01-03,C065,P017,2,113.91,Delivered,Web
10924,2025-01-03,C019,P002,1,184.99,Delivered,Web
10925,2025-01-03,C002,P004,1,128.70,Delivered,Web
10926,2025-01-03,C010,P009,1,208.95,Delivered,Web
10927,2025-01-03,C029,P013,2,403.00,Returned,Web
10928,2025-01-05,C037,P020,2,329.98,Delivered,Web
10929,2025-01-05,C001,P009,4,835.80,Shipped,Web
10930,2025-01-05,C064,P011,2,89.00,Shipped,Web
10931,2025-01-05,C025,P005,1,216.00,Cancelled,Web
10932,2025-01-08,C057,P003,2,109.90,Delivered,Phone
10933,2025-01-08,C015,P007,1,33.95,Delivered,Web
10934,2025-01-08,C013,P004,2,286.00,Delivered,Store
10935,2025-01-08,C037,P018,2,297.00,Delivered,Web
10936,2025-01-10,C033,P020,2,313.48,Delivered,Web
10937,2025-01-10,C042,P014,1,178.36,Delivered,Web
10938,2025-01-10,C013,P005,6,1440.00,Delivered,Web
10939,2025-01-10,C026,P006,2,101.98,Cancelled,Web
10940,2025-01-10,C044,P011,1,44.50,Delivered,Web
10941,2025-01-12,C048,P014,4,891.80,Delivered,Web
10942,2025-01-12,C025,P012,3,151.50,Delivered,Web
10943,2025-01-13,C068,P014,4,802.62,Delivered,Web
10944,2025-01-13,C904,P001,2,69.00,Delivered,Store
10945,2025-01-13,C042,P002,1,175.74,Returned,Web
10946,2025-01-13,C068,P024,3,456.16,Delivered,Store
10947,2025-01-14,C038,P001,1,34.50,Delivered,Web
10948,2025-01-14,C043,P001,1,34.50,Returned,Web
10949,2025-01-15,C052,P017,3,161.87,Delivered,Store
10950,2025-01-17,C001,P016,2,123.90,Delivered,Web
10951,2025-01-17,C007,P024,2,337.90,Cancelled,Web
10952,2025-01-19,C045,P013,2,403.00,Cancelled,Web
10953,2025-01-20,C077,P001,3,98.32,Delivered,Store
10954,2025-01-21,C016,P007,2,67.90,Delivered,Web
10955,2025-01-21,C062,P012,1,40.40,Delivered,Web
10956,2025-01-24,C019,P014,2,401.31,Delivered,Web
10957,2025-01-25,C027,P001,1,34.50,Delivered,Web
10958,2025-01-25,C020,P021,10,1230.00,Delivered,Store
10959,2025-01-26,C078,P019,4,359.80,Delivered,Web
10960,2025-01-26,C053,P008,1,12.95,Delivered,Web
10961,2025-01-26,C066,P016,3,167.27,Delivered,Web
10962,2025-01-26,C056,P016,1,58.85,Shipped,Store
10963,2025-01-27,C059,P004,1,135.85,Delivered,Store
10964,2025-01-27,C038,P021,3,369.00,Delivered,Store
10965,2025-01-27,C001,P018,2,267.30,Delivered,Web
10966,2025-01-27,C041,P001,2,69.00,Delivered,Web
10967,2025-01-28,C021,P008,2,25.90,Delivered,Phone
10968,2025-01-28,C042,P003,2,109.90,Shipped,Web
10969,2025-01-28,C005,P014,2,423.60,Delivered,Web
10970,2025-01-28,C072,P011,1,44.50,Delivered,Web
10971,2025-01-29,C005,P004,4,572.00,Delivered,Web
10972,2025-01-29,C003,P015,1,14.99,Delivered,Web
10973,2025-01-30,C049,P014,4,891.80,Delivered,Web
10974,2025-01-30,C054,P011,1,40.05,Delivered,Store
10975,2025-01-30,C019,P014,3,668.85,Delivered,Web
10976,2025-01-30,C050,P018,1,118.80,Delivered,Web
10977,2025-01-31,C018,P006,2,101.98,Delivered,Web
10978,2025-01-31,C002,P002,2,369.98,Delivered,Web
10979,2025-02-01,C028,P024,4,608.22,Delivered,Web
10980,2025-02-01,C023,P001,1,32.77,Delivered,Store
10981,2025-02-01,C043,P004,1,114.40,Delivered,Store
10982,2025-02-01,C072,P007,2,67.90,Delivered,Web
10983,2025-02-02,C039,P001,2,65.55,Delivered,Store
10984,2025-02-02,C025,P017,2,113.91,Delivered,Web
10985,2025-02-02,C029,P016,1,61.95,Delivered,Store
10986,2025-02-03,C064,P009,2,397.00,Delivered,Web
10987,2025-02-03,C032,P004,1,143.00,Cancelled,Web
10988,2025-02-04,C032,P016,1,55.76,Shipped,Store
10989,2025-02-04,C011,P009,1,208.95,Delivered,Phone
10990,2025-02-04,C046,P013,1,201.50,Delivered,Web
10991,2025-02-04,C070,P024,2,337.90,Delivered,Web
10992,2025-02-05,C001,P008,10,129.50,Shipped,Web
10993,2025-02-06,C015,P003,1,54.95,Shipped,Store
10994,2025-02-06,C067,P008,2,24.60,Shipped,Web
10995,2025-02-06,C001,P016,3,185.85,Delivered,Store
10996,2025-02-07,C014,P011,3,120.15,Shipped,Store
10997,2025-02-07,C015,P018,1,133.65,Delivered,Store
10998,2025-02-07,C049,P009,2,417.90,Delivered,Web
10999,2025-02-08,C036,P005,1,240.00,Cancelled,Web
11000,2025-02-08,C055,P009,3,595.51,Delivered,Web
11001,2025-02-08,C001,P002,3,527.22,Delivered,Store
11002,2025-02-09,C030,P011,1,42.27,Delivered,Web
11003,2025-02-09,C023,P014,1,211.80,Delivered,Web
11004,2025-02-11,C003,P006,1,45.89,Returned,Web
11005,2025-02-13,C003,P018,2,297.00,Delivered,Web
11006,2025-02-13,C060,P001,1,34.50,Delivered,Web
11007,2025-02-13,C029,P001,1,34.50,Delivered,Web
11008,2025-02-14,C002,P004,2,257.40,Delivered,Phone
11009,2025-02-14,C010,P004,1,143.00,Delivered,Store
11010,2025-02-14,C028,P002,3,499.47,Delivered,Web
11011,2025-02-16,C028,P001,3,93.15,Delivered,Web
11012,2025-02-16,C016,P005,2,480.00,Returned,Web
11013,2025-02-17,C075,P010,2,253.00,Delivered,Web
11014,2025-02-17,C003,P001,1,34.50,Delivered,Web
11015,2025-02-18,C019,P013,3,574.27,Delivered,Web
11016,2025-02-18,C024,P005,1,228.00,Delivered,Store
11017,2025-02-19,C018,P005,1,228.00,Shipped,Web
11018,2025-02-20,C002,P005,1,228.00,Delivered,Phone
11019,2025-02-20,C077,P011,1,44.50,Delivered,Store
11020,2025-02-20,C017,P001,1,34.50,Delivered,Store
11021,2025-02-20,C016,P005,2,456.00,Delivered,Web
11022,2025-02-20,C033,P019,1,89.95,Delivered,Store
11023,2025-02-20,C046,P004,1,143.00,Delivered,Web
11024,2025-02-20,C003,P006,2,81.58,Delivered,Web
11025,2025-02-21,C027,P015,3,40.47,Delivered,Phone
11026,2025-02-23,C052,P001,2,62.10,Delivered,Web
11027,2025-02-24,C071,P011,4,178.00,Delivered,Web
11028,2025-02-24,C068,P009,1,208.95,Delivered,Web
11029,2025-02-24,C025,P005,2,480.00,Delivered,Store
11030,2025-02-24,C015,P002,1,184.99,Shipped,Web
11031,2025-02-26,C006,P020,1,148.49,Delivered,Web
11032,2025-02-26,C077,P001,3,103.50,Returned,Store
11033,2025-02-27,C021,P008,1,12.95,Cancelled,Store
11034,2025-02-27,C007,P005,1,240.00,Delivered,Web
11035,2025-02-27,C002,P001,1,32.77,Shipped,Web
11036,2025-02-27,C030,P002,10,1849.90,Delivered,Store
11037,2025-02-28,C010,P001,3,103.50,Delivered,Store
11038,2025-02-28,C025,P008,2,25.90,Delivered,Store
11039,2025-03-01,C006,P013,2,403.00,Delivered,Web
11040,2025-03-01,C022,P001,1,34.50,Shipped,Store
11041,2025-03-02,C045,P012,1,47.97,Delivered,Web
11042,2025-03-03,C043,P006,4,183.56,Delivered,Web
11043,2025-03-04,C047,P008,4,51.80,Delivered,Web
11044,2025-03-04,C071,P018,4,564.30,Delivered,Web
11045,2025-03-04,C020,P022,2,265.05,Delivered,Web
11046,2025-03-05,C011,P011,1,40.05,Delivered,Store
11047,2025-03-05,C047,P001,1,31.05,Delivered,Store
11048,2025-03-05,C032,P020,1,164.99,Delivered,Web
11049,2025-03-05,C021,P013,2,403.00,Shipped,Web
11050,2025-03-06,C068,P001,1,34.50,Delivered,Web
11051,2025-03-06,C033,P011,4,160.20,Delivered,Store
11052,2025-03-07,C003,P024,2,321.00,Shipped,Phone
11053,2025-03-07,C020,P009,2,417.90,Delivered,Web
11054,2025-03-07,C073,P007,1,30.56,Delivered,Web
11055,2025-03-07,C053,P009,10,2089.50,Delivered,Web
11056,2025-03-08,C003,P011,3,120.15,Delivered,Web
11057,2025-03-08,C033,P008,1,11.65,Delivered,Store
11058,2025-03-09,C013,P001,1,34.50,Delivered,Web
11059,2025-03-09,C015,P002,1,184.99,Delivered,Web
11060,2025-03-10,C068,P012,1,47.97,Delivered,Store
11061,2025-03-10,C054,P013,10,1813.50,Delivered,Web
11062,2025-03-10,C059,P014,4,802.62,Cancelled,Store
11063,2025-03-11,C008,P017,3,179.85,Delivered,Store
11064,2025-03-12,C005,P009,1,208.95,Shipped,Web
11065,2025-03-12,C063,P024,3,506.85,Shipped,Store
11066,2025-03-13,C056,P017,3,170.86,Cancelled,Store
11067,2025-03-14,C024,P008,1,12.30,Delivered,Web
11068,2025-03-14,C007,P007,6,183.33,Delivered,Web
11069,2025-03-14,C042,P011,3,133.50,Delivered,Store
11070,2025-03-15,C027,P015,1,14.99,Delivered,Web
11071,2025-03-15,C063,P010,6,759.00,Delivered,Web
11072,2025-03-15,C026,P013,1,201.50,Returned,Web
11073,2025-03-15,C026,P020,2,329.98,Delivered,Web
11074,2025-03-16,C064,P007,2,61.11,Delivered,Phone
11075,2025-03-16,C013,P009,1,208.95,Delivered,Store
11076,2025-03-16,C001,P023,3,261.60,Delivered,Web
11077,2025-03-16,C008,P006,4,193.76,Delivered,Web
11078,2025-03-16,C002,P011,6,267.00,Delivered,Store
11079,2025-03-17,C066,P001,3,103.50,Delivered,Store
11080,2025-03-18,C004,P020,2,329.98,Delivered,Store
11081,2025-03-18,C004,P014,1,211.80,Delivered,Web
11082,2025-03-18,C043,P005,2,480.00,Shipped,Store
11083,2025-03-18,C059,P003,2,109.90,Shipped,Store
11084,2025-03-19,C002,P002,3,554.97,Returned,Web
11085,2025-03-19,C013,P021,3,295.20,Returned,Web
11086,2025-03-19,C077,P017,2,113.91,Delivered,Store
11087,2025-03-20,C036,P005,2,456.00,Delivered,Store
11088,2025-03-20,C078,P008,3,34.96,Delivered,Store
11089,2025-03-20,C017,P004,2,286.00,Delivered,Web
11090,2025-03-20,C052,P001,3,82.80,Delivered,Web
11091,2025-03-21,C045,P002,3,554.97,Delivered,Phone
11092,2025-03-21,C008,P019,2,179.90,Returned,Store
11093,2025-03-22,C010,P021,10,1168.50,Delivered,Web
11094,2025-03-22,C071,P023,4,436.00,Delivered,Store
11095,2025-03-22,C033,P009,6,1253.70,Delivered,Web
11096,2025-03-23,C029,P001,3,103.50,Delivered,Web
11097,2025-03-23,C014,P009,4,835.80,Delivered,Store
11098,2025-03-23,C013,P006,1,50.99,Delivered,Web
11099,2025-03-23,C031,P006,6,305.94,Delivered,Web
11100,2025-03-24,C062,P001,4,110.40,Shipped,Web
11101,2025-03-24,C020,P022,2,279.00,Returned,Store
11102,2025-03-24,C067,P019,2,161.91,Delivered,Store
11103,2025-03-25,C001,P017,3,161.87,Cancelled,Web
11104,2025-03-25,C011,P021,2,246.00,Delivered,Phone
11105,2025-03-26,C046,P007,2,67.90,Delivered,Web
11106,2025-03-26,C018,P012,1,45.45,Returned,Web
11107,2025-03-26,C001,P013,2,403.00,Delivered,Web
11108,2025-03-27,C048,P002,4,702.96,Delivered,Web
11109,2025-03-27,C071,P007,3,101.85,Delivered,Web
11110,2025-03-27,C049,P001,1,34.50,Delivered,Store
11111,2025-03-27,C062,P022,4,558.00,Delivered,Store
11112,2025-03-27,C002,P024,1,168.95,Cancelled,Store
11113,2025-03-28,C024,P005,1,228.00,Delivered,Web
11114,2025-03-29,C035,P018,2,297.00,Delivered,Web
11115,2025-03-29,C047,P011,6,267.00,Delivered,Web
11116,2025-03-29,C022,P011,2,80.10,Delivered,Phone
11117,2025-03-30,C049,P003,2,104.41,Delivered,Store
11118,2025-03-30,C020,P004,4,543.40,Shipped,Web
11119,2025-03-30,C015,P021,1,116.85,Delivered,Phone
11120,2025-03-30,C071,P012,6,303.00,Delivered,Store
11121,2025-03-30,C042,P006,2,96.88,Shipped,Phone
11122,2025-03-31,C014,P012,10,505.00,Shipped,Web
11123,2025-03-31,C055,P005,1,240.00,Shipped,Web
11124,2025-04-01,C021,P022,1,139.50,Delivered,Web
11125,2025-04-01,C027,P007,1,33.95,Delivered,Web
11126,2025-04-02,C063,P020,1,156.74,Delivered,Store
11127,2025-04-02,C039,P006,3,152.97,Delivered,Web
11128,2025-04-02,C014,P001,1,34.50,Shipped,Web
11129,2025-04-02,C019,P010,2,253.00,Shipped,Web
11130,2025-04-02,C007,P008,1,12.95,Delivered,Store
11131,2025-04-03,C078,P018,2,297.00,Delivered,Web
11132,2025-04-03,C035,P002,1,175.74,Shipped,Web
11133,2025-04-03,C036,P012,1,50.50,Delivered,Web
11134,2025-04-03,C002,P019,4,359.80,Delivered,Web
11135,2025-04-04,C049,P001,4,138.00,Delivered,Phone
11136,2025-04-04,C067,P005,2,480.00,Delivered,Store
11137,2025-04-04,C066,P006,2,101.98,Shipped,Phone
11138,2025-04-04,C005,P014,1,222.95,Delivered,Web
11139,2025-04-04,C079,P011,2,80.10,Delivered,Store
11140,2025-04-04,C035,P002,4,739.96,Delivered,Store
11141,2025-04-04,C021,P005,3,648.00,Delivered,Phone
11142,2025-04-04,C005,P003,2,109.90,Delivered,Web
11143,2025-04-04,C073,P003,1,52.20,Delivered,Store
11144,2025-04-05,C013,P002,1,184.99,Delivered,Web
11145,2025-04-05,C020,P010,2,253.00,Delivered,Store
11146,2025-04-05,C010,P018,1,148.50,Shipped,Web
11147,2025-04-05,C015,P005,2,456.00,Delivered,Web
11148,2025-04-06,C009,P001,1,31.05,Delivered,Store
11149,2025-04-06,C043,P002,4,702.96,Delivered,Web
11150,2025-04-06,C078,P015,1,14.99,Delivered,Web
11151,2025-04-07,C032,P020,3,494.97,Cancelled,Web
11152,2025-04-07,C028,P001,1,34.50,Shipped,Web
11153,2025-04-08,C076,P009,2,376.11,Delivered,Store
11154,2025-04-08,C057,P024,6,1013.70,Delivered,Web
11155,2025-04-08,C069,P014,2,401.31,Delivered,Web
11156,2025-04-09,C039,P009,6,1128.33,Delivered,Web
11157,2025-04-09,C002,P012,1,45.45,Returned,Store
11158,2025-04-09,C004,P018,6,891.00,Delivered,Web
11159,2025-04-09,C055,P019,1,80.95,Delivered,Store
11160,2025-04-10,C065,P012,1,45.45,Delivered,Web
11161,2025-04-10,C003,P022,3,418.50,Delivered,Web
11162,2025-04-10,C010,P012,2,101.00,Delivered,Web
11163,2025-04-10,C016,P014,1,222.95,Shipped,Web
11164,2025-04-11,C032,P002,2,369.98,Shipped,Store
11165,2025-04-11,C021,P021,1,123.00,Delivered,Store
11166,2025-04-11,C048,P013,2,403.00,Delivered,Web
11167,2025-04-11,C031,P004,6,858.00,Delivered,Store
11168,2025-04-11,C025,P020,2,313.48,Delivered,Web
11169,2025-04-11,C062,P002,3,554.97,Shipped,Web
11170,2025-04-12,C024,P006,2,91.78,Delivered,Web
11171,2025-04-12,C036,P015,4,56.96,Shipped,Store
11172,2025-04-12,C032,P014,1,222.95,Delivered,Web
11173,2025-04-13,C035,P001,1,31.05,Delivered,Phone
11174,2025-04-13,C023,P017,1,59.95,Delivered,Phone
11175,2025-04-13,C026,P014,2,445.90,Delivered,Web
11176,2025-04-14,C075,P014,3,668.85,Delivered,Phone
11177,2025-04-14,C056,P010,3,379.50,Delivered,Web
11178,2025-04-14,C002,P013,2,403.00,Delivered,Web
11179,2025-04-14,C009,P002,6,1109.94,Delivered,Phone
11180,2025-04-15,C011,P004,6,858.00,Delivered,Web
11181,2025-04-16,C061,P001,2,62.10,Delivered,Web
11182,2025-04-16,C030,P005,2,480.00,Delivered,Web
11183,2025-04-16,C004,P015,1,14.99,Shipped,Phone
11184,2025-04-16,C060,P013,1,201.50,Shipped,Web
11185,2025-04-16,C054,P013,2,403.00,Delivered,Store
11186,2025-04-16,C051,P007,4,135.80,Cancelled,Web
11187,2025-04-16,C043,P001,1,27.60,Delivered,Web
11188,2025-04-17,C060,P006,4,203.96,Delivered,Store
11189,2025-04-17,C036,P006,1,50.99,Delivered,Web
11190,2025-04-17,C066,P004,1,143.00,Delivered,Phone
11191,2025-04-17,C002,P022,1,139.50,Delivered,Web
11192,2025-04-18,C046,P016,10,557.55,Delivered,Web
11193,2025-04-18,C004,P018,1,148.50,Delivered,Web
11194,2025-04-18,C072,P019,2,161.91,Delivered,Web
11195,2025-04-18,C054,P009,1,188.06,Shipped,Phone
11196,2025-04-19,C038,P007,1,32.25,Delivered,Web
11197,2025-04-20,C004,P022,3,418.50,Returned,Web
11198,2025-04-20,C056,P004,1,143.00,Delivered,Web
11199,2025-04-20,C052,P021,4,442.80,Delivered,Store
11200,2025-04-21,C059,P006,6,275.35,Delivered,Web
11201,2025-04-21,C042,P009,3,595.51,Shipped,Store
11202,2025-04-21,C061,P004,1,143.00,Shipped,Web
11203,2025-04-21,C028,P002,1,184.99,Delivered,Web
11204,2025-04-21,C011,P023,3,294.30,Delivered,Store
11205,2025-04-21,C004,P012,3,151.50,Delivered,Store
11206,2025-04-22,C027,P013,1,201.50,Cancelled,Store
11207,2025-04-22,C001,P009,1,198.50,Delivered,Store
11208,2025-04-23,C030,P019,2,179.90,Delivered,Web
11209,2025-04-23,C079,P018,1,148.50,Delivered,Web
11210,2025-04-23,C002,P016,2,123.90,Delivered,Web
11211,2025-04-23,C011,P012,2,101.00,Delivered,Store
11212,2025-04-23,C033,P006,6,305.94,Cancelled,Phone
11213,2025-04-23,C066,P017,1,59.95,Delivered,Web
11214,2025-04-23,C027,P013,1,201.50,Delivered,Store
11215,2025-04-23,C040,P016,2,123.90,Returned,Store
11216,2025-04-23,C076,P001,3,98.32,Delivered,Web
11217,2025-04-23,C022,P003,1,54.95,Shipped,Store
11218,2025-04-23,C028,P002,1,166.49,Delivered,Store
11219,2025-04-24,C039,P009,3,595.51,Delivered,Web
11220,2025-04-24,C047,P004,1,143.00,Delivered,Store
11221,2025-04-24,C049,P001,6,186.30,Delivered,Phone
11222,2025-04-25,C037,P022,2,279.00,Delivered,Store
11223,2025-04-25,C001,P017,1,56.95,Delivered,Store
11224,2025-04-25,C079,P013,2,362.70,Shipped,Web
11225,2025-04-25,C007,P013,3,604.50,Delivered,Store
11226,2025-04-25,C001,P017,1,56.95,Delivered,Store
11227,2025-04-25,C064,P001,1,34.50,Delivered,Store
11228,2025-04-25,C022,P022,4,502.20,Delivered,Web
11229,2025-04-26,C050,P006,1,50.99,Delivered,Web
11230,2025-04-26,C069,P001,2,69.00,Delivered,Web
11231,2025-04-26,C024,P014,1,222.95,Delivered,Store
11232,2025-04-26,C012,P006,1,48.44,Delivered,Store
11233,2025-04-26,C070,P010,1,126.50,Delivered,Store
11234,2025-04-27,C002,P011,6,267.00,Delivered,Web
11235,2025-04-27,C052,P016,2,123.90,Delivered,Web
11236,2025-04-27,C058,P014,3,668.85,Shipped,Web
11237,2025-04-27,C020,P014,2,445.90,Delivered,Web
11238,2025-04-27,C057,P009,2,417.90,Shipped,Store
11239,2025-04-28,C071,P003,1,52.20,Delivered,Phone
11240,2025-04-28,C028,P005,2,480.00,Cancelled,Web
11241,2025-04-29,C010,P012,1,50.50,Delivered,Phone
11242,2025-04-29,C068,P014,1,222.95,Returned,Web
11243,2025-04-29,C018,P001,2,55.20,Returned,Web
11244,2025-04-30,C061,P003,2,109.90,Delivered,Phone
11245,2025-04-30,C009,P021,1,116.85,Delivered,Web
11246,2025-05-01,C034,P006,2,81.58,Cancelled,Web
11247,2025-05-01,C015,P007,4,129.01,Delivered,Web
11248,2025-05-01,C053,P019,4,359.80,Shipped,Phone
11249,2025-05-01,C079,P001,10,327.75,Delivered,Store
11250,2025-05-01,C028,P018,2,297.00,Returned,Store
11251,2025-05-01,C079,P003,1,54.95,Delivered,Store
11252,2025-05-01,C016,P001,3,93.15,Delivered,Web
11253,2025-05-01,C041,P002,1,184.99,Delivered,Web
11254,2025-05-01,C019,P005,3,648.00,Delivered,Web
11255,2025-05-01,C019,P001,1,31.05,Delivered,Phone
11256,2025-05-01,C070,P007,2,67.90,Delivered,Web
11257,2025-05-01,C006,P019,4,359.80,Delivered,Store
11258,2025-05-02,C041,P020,1,164.99,Delivered,Phone
11259,2025-05-02,C018,P008,2,25.90,Delivered,Web
11260,2025-05-02,C012,P013,1,191.42,Cancelled,Web
11261,2025-05-02,C002,P002,1,166.49,Delivered,Web
11262,2025-05-04,C072,P007,10,339.50,Shipped,Phone
11263,2025-05-04,C006,P006,6,305.94,Delivered,Store
11264,2025-05-04,C039,P023,3,310.65,Returned,Web
11265,2025-05-04,C005,P008,3,38.85,Delivered,Web
11266,2025-05-04,C030,P004,1,143.00,Delivered,Store
11267,2025-05-04,C012,P004,2,286.00,Delivered,Store
11268,2025-05-04,C025,P001,2,69.00,Delivered,Store
11269,2025-05-05,C013,P008,3,38.85,Delivered,Store
11270,2025-05-05,C067,P002,1,184.99,Delivered,Web
11271,2025-05-05,C012,P016,1,61.95,Delivered,Store
11272,2025-05-06,C044,P020,4,659.96,Delivered,Store
11273,2025-05-06,C055,P001,3,103.50,Delivered,Web
11274,2025-05-06,C026,P012,2,101.00,Delivered,Web
11275,2025-05-06,C004,P007,3,101.85,Shipped,Store
11276,2025-05-06,C031,P015,1,14.99,Delivered,Store
11277,2025-05-07,C054,P007,2,64.50,Delivered,Web
11278,2025-05-07,C002,P019,1,85.45,Delivered,Store
11279,2025-05-07,C004,P007,4,129.01,Returned,Store
11280,2025-05-07,C035,P020,2,296.98,Cancelled,Phone
11281,2025-05-07,C034,P005,3,720.00,Delivered,Store
11282,2025-05-07,C070,P020,2,329.98,Delivered,Store
11283,2025-05-08,C040,P009,6,1253.70,Delivered,Web
11284,2025-05-08,C047,P005,1,240.00,Delivered,Web
11285,2025-05-08,C016,P020,4,659.96,Delivered,Web
11286,2025-05-08,C052,P001,2,69.00,Shipped,Web
11287,2025-05-09,C058,P007,1,33.95,Delivered,Web
11288,2025-05-09,C004,P018,6,891.00,Delivered,Web
11289,2025-05-10,C066,P010,3,360.52,Delivered,Web
11290,2025-05-10,C040,P017,1,59.95,Returned,Web
11291,2025-05-10,C032,P003,2,109.90,Delivered,Store
11292,2025-05-11,C048,P005,2,480.00,Delivered,Web
11293,2025-05-11,C080,P020,10,1484.91,Delivered,Web
11294,2025-05-11,C036,P007,2,67.90,Delivered,Phone
11295,2025-05-12,C007,P012,1,45.45,Delivered,Web
11296,2025-05-12,C014,P015,2,23.98,Delivered,Web
11297,2025-05-12,C050,P001,1,34.50,Delivered,Web
11298,2025-05-12,C049,P024,1,160.50,Delivered,Store
11299,2025-05-12,C023,P003,3,164.85,Shipped,Store
11300,2025-05-13,C002,P001,1,34.50,Delivered,Web
11301,2025-05-13,C042,P001,1,34.50,Returned,Web
11302,2025-05-13,C002,P022,1,139.50,Delivered,Web
11303,2025-05-14,C075,P001,1,34.50,Delivered,Web
11304,2025-05-14,C033,P015,2,28.48,Delivered,Store
11305,2025-05-15,C057,P002,2,369.98,Delivered,Store
11306,2025-05-16,C024,P008,1,12.95,Delivered,Store
11307,2025-05-16,C038,P001,6,207.00,Delivered,Store
11308,2025-05-16,C005,P001,1,34.50,Delivered,Store
11309,2025-05-16,C012,P006,2,91.78,Returned,Store
11310,2025-05-16,C001,P003,1,54.95,Delivered,Store
11311,2025-05-16,C049,P019,1,71.96,Returned,Web
11312,2025-05-16,C036,P015,1,11.99,Delivered,Web
11313,2025-05-16,C001,P001,2,62.10,Delivered,Web
11314,2025-05-16,C029,P002,2,351.48,Delivered,Store
11315,2025-05-18,C054,P015,2,29.98,Delivered,Web
11316,2025-05-18,C038,P014,1,211.80,Delivered,Web
11317,2025-05-18,C066,P008,2,25.90,Delivered,Store
11318,2025-05-18,C046,P005,4,960.00,Delivered,Store
11319,2025-05-18,C025,P008,1,12.95,Delivered,Phone
11320,2025-05-19,C016,P001,1,34.50,Delivered,Web
11321,2025-05-20,C044,P001,3,103.50,Delivered,Web
11322,2025-05-20,C055,P018,1,148.50,Delivered,Phone
11323,2025-05-20,C009,P005,2,480.00,Delivered,Phone
11324,2025-05-20,C023,P001,1,27.60,Delivered,Web
11325,2025-05-20,C033,P019,3,269.85,Returned,Store
11326,2025-05-20,C006,P013,1,181.35,Returned,Web
11327,2025-05-21,C012,P023,3,327.00,Returned,Web
11328,2025-05-21,C015,P007,2,67.90,Delivered,Web
11329,2025-05-21,C009,P020,1,156.74,Delivered,Web
11330,2025-05-21,C004,P004,1,143.00,Delivered,Store
11331,2025-05-21,C017,P022,2,265.05,Delivered,Store
11332,2025-05-22,C020,P019,2,170.91,Delivered,Web
11333,2025-05-22,C079,P003,1,54.95,Delivered,Web
11334,2025-05-22,C024,P002,1,175.74,Delivered,Store
11335,2025-05-22,C062,P001,1,32.77,Delivered,Store
11336,2025-05-22,C044,P005,2,432.00,Delivered,Web
11337,2025-05-23,C013,P001,1,34.50,Delivered,Store
11338,2025-05-23,C008,P021,2,246.00,Delivered,Web
11339,2025-05-23,C029,P016,1,61.95,Delivered,Store
11340,2025-05-24,C076,P013,4,806.00,Cancelled,Web
11341,2025-05-24,C075,P001,1,34.50,Returned,Store
11342,2025-05-24,C043,P001,1,34.50,Delivered,Store
11343,2025-05-25,C010,P004,6,815.10,Delivered,Web
11344,2025-05-26,C038,P005,10,2400.00,Delivered,Store
11345,2025-05-26,C002,P004,1,135.85,Delivered,Phone
11346,2025-05-27,C023,P002,1,184.99,Delivered,Web
11347,2025-05-27,C030,P013,2,382.85,Delivered,Web
11348,2025-05-27,C011,P021,2,246.00,Delivered,Web
11349,2025-05-27,C070,P014,1,211.80,Delivered,Store
11350,2025-05-28,C042,P009,4,794.01,Shipped,Web
11351,2025-05-28,C001,P023,1,98.10,Delivered,Web
11352,2025-05-28,C014,P002,2,351.48,Delivered,Store
11353,2025-05-28,C034,P002,2,369.98,Delivered,Web
11354,2025-05-28,C005,P007,2,67.90,Delivered,Web
11355,2025-05-29,C046,P001,1,31.05,Returned,Web
11356,2025-05-29,C030,P021,1,123.00,Delivered,Web
11357,2025-05-29,C065,P006,1,48.44,Delivered,Phone
11358,2025-05-29,C001,P020,2,329.98,Delivered,Web
11359,2025-05-30,C056,P006,1,48.44,Delivered,Store
11360,2025-05-30,C006,P001,2,65.55,Delivered,Phone
11361,2025-05-31,C008,P002,4,739.96,Delivered,Phone
11362,2025-05-31,C032,P003,2,109.90,Cancelled,Web
11363,2025-05-31,C035,P001,2,69.00,Delivered,Store
11364,2025-05-31,C007,P022,1,139.50,Delivered,Web
11365,2025-05-31,C047,P005,3,684.00,Shipped,Web
11366,2025-06-01,C047,P004,2,271.70,Returned,Web
11367,2025-06-01,C015,P012,1,45.45,Delivered,Web
11368,2025-06-01,C024,P013,1,181.35,Delivered,Web
11369,2025-06-01,C076,P021,1,116.85,Delivered,Store
11370,2025-06-01,C051,P018,4,594.00,Delivered,Web
11371,2025-06-01,C001,P010,10,1201.75,Delivered,Web
11372,2025-06-01,C011,P019,1,85.45,Delivered,Web
11373,2025-06-01,C037,P012,2,101.00,Cancelled,Web
11374,2025-06-01,C029,P015,2,28.48,Delivered,Web
11375,2025-06-01,C051,P001,2,69.00,Delivered,Store
11376,2025-06-01,C034,P013,2,382.85,Delivered,Phone
11377,2025-06-01,C040,P004,2,286.00,Delivered,Web
11378,2025-06-01,C011,P007,1,33.95,Delivered,Store
11379,2025-06-02,C016,P011,3,133.50,Delivered,Web
11380,2025-06-02,C025,P010,1,126.50,Delivered,Web
11381,2025-06-02,C003,P004,1,143.00,Cancelled,Phone
11382,2025-06-02,C051,P023,1,98.10,Delivered,Web
11383,2025-06-03,C012,P001,2,69.00,Delivered,Phone
11384,2025-06-03,C064,P015,2,28.48,Delivered,Store
11385,2025-06-04,C067,P002,1,184.99,Returned,Web
11386,2025-06-04,C069,P006,1,45.89,Shipped,Store
11387,2025-06-04,C014,P013,2,322.40,Cancelled,Store
11388,2025-06-05,C027,P001,2,65.55,Delivered,Web
11389,2025-06-05,C077,P013,2,403.00,Delivered,Web
11390,2025-06-05,C001,P015,3,44.97,Delivered,Web
11391,2025-06-06,C067,P015,2,26.98,Shipped,Store
11392,2025-06-06,C004,P004,1,143.00,Delivered,Web
11393,2025-06-06,C015,P001,2,55.20,Delivered,Web
11394,2025-06-06,C043,P017,3,179.85,Shipped,Web
11395,2025-06-06,C034,P003,10,439.60,Delivered,Store
11396,2025-06-07,C056,P001,2,62.10,Cancelled,Store
11397,2025-06-07,C047,P007,2,64.50,Cancelled,Web
11398,2025-06-07,C004,P017,1,59.95,Delivered,Store
11399,2025-06-07,C062,P017,2,107.91,Delivered,Phone
11400,2025-06-07,C064,P009,2,376.11,Delivered,Web
11401,2025-06-07,C009,P001,1,34.50,Delivered,Web
11402,2025-06-07,C044,P002,6,998.95,Delivered,Store
11403,2025-06-08,C067,P011,1,40.05,Delivered,Store
11404,2025-06-08,C033,P020,6,989.94,Returned,Phone
11405,2025-06-08,C027,P007,2,67.90,Delivered,Store
11406,2025-06-08,C010,P013,2,403.00,Delivered,Web
11407,2025-06-08,C002,P005,2,480.00,Delivered,Web
11408,2025-06-08,C009,P006,3,152.97,Cancelled,Web
11409,2025-06-08,C080,P012,4,191.90,Delivered,Web
11410,2025-06-08,C012,P008,1,12.95,Delivered,Store
11411,2025-06-09,C017,P003,1,54.95,Shipped,Web
11412,2025-06-09,C007,P009,1,198.50,Delivered,Web
11413,2025-06-09,C035,P016,1,49.56,Delivered,Store
11414,2025-06-10,C015,P019,2,161.91,Delivered,Web
11415,2025-06-10,C063,P001,1,31.05,Delivered,Web
11416,2025-06-10,C051,P014,1,211.80,Delivered,Web
11417,2025-06-11,C006,P002,1,184.99,Delivered,Store
11418,2025-06-11,C079,P022,1,125.55,Delivered,Web
11419,2025-06-11,C068,P023,1,103.55,Delivered,Web
11420,2025-06-11,C079,P009,2,397.00,Delivered,Web
11421,2025-06-11,C012,P004,1,143.00,Delivered,Web
11422,2025-06-12,C069,P014,10,2006.55,Delivered,Web
11423,2025-06-12,C027,P010,2,253.00,Delivered,Store
11424,2025-06-12,C023,P011,2,89.00,Delivered,Store
11425,2025-06-12,C070,P021,1,123.00,Delivered,Web
11426,2025-06-13,C078,P003,1,54.95,Delivered,Web
11427,2025-06-13,C074,P014,1,178.36,Delivered,Store
11428,2025-06-13,C001,P001,1,34.50,Delivered,Web
11429,2025-06-13,C053,P001,1,34.50,Delivered,Web
11430,2025-06-13,C046,P003,1,54.95,Delivered,Web
11431,2025-06-14,C062,P002,2,369.98,Returned,Store
11432,2025-06-14,C027,P016,1,61.95,Delivered,Store
11433,2025-06-14,C065,P022,1,111.60,Delivered,Store
11434,2025-06-15,C080,P009,1,208.95,Delivered,Web
11435,2025-06-15,C069,P009,4,835.80,Shipped,Web
11436,2025-06-16,C078,P001,1,34.50,Delivered,Store
11437,2025-06-16,C029,P003,1,54.95,Delivered,Web
11438,2025-06-16,C055,P002,2,332.98,Cancelled,Store
11439,2025-06-16,C025,P002,6,1109.94,Delivered,Web
11440,2025-06-16,C035,P019,4,341.81,Delivered,Web
11441,2025-06-16,C018,P024,2,337.90,Delivered,Web
11442,2025-06-16,C015,P010,2,240.35,Shipped,Store
11443,2025-06-17,C049,P012,4,202.00,Shipped,Store
11444,2025-06-17,C080,P010,2,253.00,Delivered,Web
11445,2025-06-17,C002,P001,2,69.00,Returned,Phone
11446,2025-06-18,C051,P001,6,207.00,Delivered,Phone
11447,2025-06-18,C028,P018,6,891.00,Shipped,Web
11448,2025-06-19,C001,P015,2,28.48,Shipped,Store
11449,2025-06-19,C073,P013,1,201.50,Delivered,Store
11450,2025-06-19,C013,P006,2,91.78,Delivered,Store
11451,2025-06-19,C011,P022,1,125.55,Delivered,Web
11452,2025-06-19,C020,P002,1,184.99,Delivered,Web
11453,2025-06-20,C007,P022,2,251.10,Cancelled,Store
11454,2025-06-20,C001,P004,10,1430.00,Delivered,Store
11455,2025-06-20,C013,P007,1,32.25,Delivered,Web
11456,2025-06-20,C014,P018,2,267.30,Delivered,Web
11457,2025-06-20,C068,P015,1,14.24,Delivered,Store
11458,2025-06-20,C059,P008,6,77.70,Delivered,Web
11459,2025-06-20,C062,P002,1,147.99,Delivered,Store
11460,2025-06-21,C021,P003,2,109.90,Delivered,Phone
11461,2025-06-21,C025,P015,2,29.98,Delivered,Web
11462,2025-06-21,C017,P006,2,96.88,Delivered,Web
11463,2025-06-21,C031,P006,2,101.98,Delivered,Web
11464,2025-06-21,C002,P003,2,109.90,Shipped,Web
11465,2025-06-21,C054,P021,2,246.00,Delivered,Web
11466,2025-06-22,C002,P001,6,207.00,Delivered,Store
11467,2025-06-22,C044,P003,2,87.92,Returned,Web
11468,2025-06-23,C022,P004,2,286.00,Shipped,Web
11469,2025-06-23,C016,P011,1,44.50,Returned,Web
11470,2025-06-23,C040,P013,1,201.50,Delivered,Store
11471,2025-06-23,C018,P024,1,168.95,Returned,Store
11472,2025-06-24,C001,P002,1,166.49,Delivered,Web
11473,2025-06-24,C009,P002,10,1849.90,Returned,Store
11474,2025-06-24,C902,P008,3,38.85,Delivered,Store
11475,2025-06-25,C046,P013,2,362.70,Delivered,Phone
11476,2025-06-25,C017,P001,4,124.20,Delivered,Store
11477,2025-06-25,C046,P011,2,89.00,Delivered,Web
11478,2025-06-25,C029,P011,1,44.50,Delivered,Web
11479,2025-06-25,C060,P014,2,445.90,Delivered,Web
11480,2025-06-26,C050,P010,4,480.70,Shipped,Web
11481,2025-06-26,C015,P013,3,574.27,Delivered,Store
11482,2025-06-26,C030,P009,4,835.80,Delivered,Web
11483,2025-06-26,C043,P013,1,161.20,Shipped,Web
11484,2025-06-26,C056,P021,3,369.00,Shipped,Web
11485,2025-06-27,C021,P022,1,132.53,Returned,Web
11486,2025-06-27,C054,P007,1,33.95,Shipped,Phone
11487,2025-06-27,C001,P006,2,101.98,Delivered,Web
11488,2025-06-27,C012,P001,6,186.30,Delivered,Web
11489,2025-06-28,C002,P023,2,218.00,Delivered,Phone
11490,2025-06-28,C056,P007,2,67.90,Delivered,Web
11491,2025-06-28,C059,P001,10,310.50,Delivered,Store
11492,2025-06-28,C018,P010,1,120.17,Delivered,Web
11493,2025-06-28,C051,P001,3,103.50,Delivered,Web
11494,2025-06-29,C015,P005,1,240.00,Delivered,Web
11495,2025-06-29,C003,P010,3,379.50,Delivered,Store
11496,2025-06-29,C012,P012,6,287.85,Delivered,Store
11497,2025-06-29,C074,P002,1,175.74,Cancelled,Web
11498,2025-06-30,C014,P008,3,36.91,Shipped,Store
11499,2025-06-30,C049,P012,2,101.00,Delivered,Web
11500,2025-06-30,C043,P024,1,168.95,Delivered,Web
